,Name,Email,Country,Product,Price,Quantity,Date,Total Price
0,Eric Daniel,EricDaniel@example.org,Uk,Phone,20.0,3.0,1971-06-03,60.0
1,Hannah Nguyen,HannahNguyen@example.net,Usa,Laptop,100.0,2.0,1973-05-09,200.0
2,Angel Smith,AngelSmith@example.com,Usa,Headphones,21.0,3.0,2000-10-09,63.0
3,Anthony Singh,AnthonySingh@example.net,Uk,Keyboard,10.0,2.0,1982-09-12,20.0
4,Dawn Jones,DawnJones@example.org,Uk,Phone,40.0,1.0,1983-12-12,40.0
5,Danny Torres,DannyTorres@example.org,Uk,Keyboard,20.0,2.0,2004-06-05,40.0
6,Richard Knapp,RichardKnapp@example.org,Usa,Tablet,75.0,3.0,2014-01-24,225.0
7,Mark Martinez,MarkMartinez@example.com,India,Laptop,100.0,2.0,1970-11-08,200.0
8,Maria Burton,MariaBurton@example.org,Canada,Laptop,300.0,3.0,1998-03-12,900.0
9,Rebecca Hines,RebeccaHines@example.com,India,Monitor,50.0,2.0,2010-11-05,100.0
10,Brian Smith,BrianSmith@example.net,Usa,Tablet,75.0,3.0,2017-11-08,225.0
11,Carla Morris,CarlaMorris@example.net,Usa,Headphones,28.0,3.0,2006-01-01,84.0
12,Carmen Jones,CarmenJones@example.com,Canada,Laptop,100.0,4.0,1980-09-22,400.0
13,Patricia Wilson,PatriciaWilson@example.com,Germany,Phone,80.0,3.0,2001-06-18,240.0
14,Gary English,GaryEnglish@example.net,Uk,Laptop,200.0,1.0,1989-10-15,200.0
15,Lori Atkins,LoriAtkins@example.org,Germany,Monitor,20.0,4.0,1983-10-13,80.0
16,Eric Carr,EricCarr@example.net,Canada,Headphones,28.0,4.0,2001-12-18,112.0
17,Laura Ramos,LauraRamos@example.com,Usa,Keyboard,20.0,2.0,2001-08-12,40.0
18,Sheila Martinez,SheilaMartinez@example.com,Canada,Monitor,30.0,3.0,1999-11-24,90.0
19,David Martinez,DavidMartinez@example.com,Usa,Tablet,45.0,2.0,2000-12-19,90.0
20,Steven Allison,StevenAllison@example.com,Canada,Laptop,300.0,3.0,1991-02-02,900.0
21,Michele Brennan,MicheleBrennan@example.com,Usa,Keyboard,25.0,4.0,2012-11-15,100.0
22,Gregory Oneal,GregoryOneal@example.net,Uk,Laptop,500.0,1.0,2011-01-27,500.0
23,William Oliver,WilliamOliver@example.net,Usa,Laptop,300.0,3.0,1994-11-27,900.0
24,Daniel Logan,DanielLogan@example.org,Uk,Tablet,75.0,2.0,2014-01-07,150.0
25,Rachel Cameron,RachelCameron@example.org,Uk,Monitor,20.0,2.0,1984-07-06,40.0
26,Crystal Johnson,CrystalJohnson@example.org,Germany,Keyboard,20.0,3.0,2005-07-18,60.0
27,Randy Rivera,RandyRivera@example.org,Usa,Laptop,500.0,2.0,2011-12-03,1000.0
28,Amy Hunt,AmyHunt@example.com,Germany,Keyboard,10.0,3.0,1981-12-05,30.0
29,Sarah Johnson,SarahJohnson@example.net,Uk,Phone,80.0,3.0,2003-08-03,240.0
30,Dawn Jones,DawnJones@example.net,Canada,Headphones,28.0,3.0,2001-09-08,84.0
31,Michael Flores,MichaelFlores@example.com,Bangladesh,Headphones,28.0,4.0,2008-08-13,112.0
32,Jordan Horton,JordanHorton@example.com,Germany,Laptop,400.0,4.0,2001-06-08,1600.0
33,Jonathan Francis,JonathanFrancis@example.net,India,Laptop,400.0,2.0,2002-12-12,800.0
34,Jacob Fisher,JacobFisher@example.org,Bangladesh,Keyboard,30.0,1.0,2020-03-10,30.0
35,George Tran,GeorgeTran@example.com,Uk,Tablet,75.0,3.0,2010-04-25,225.0
36,Jessica Mcguire,JessicaMcguire@example.com,Uk,Phone,80.0,4.0,2005-12-04,320.0
37,Rachel Holmes,RachelHolmes@example.com,Usa,Laptop,100.0,1.0,1975-07-28,100.0
38,Jason Murillo,JasonMurillo@example.org,Usa,Laptop,100.0,4.0,1975-10-31,400.0
39,Caleb Jacobson,CalebJacobson@example.com,Canada,Phone,20.0,1.0,1971-01-06,20.0
40,Charlotte Reed,CharlotteReed@example.net,Uk,Tablet,15.0,4.0,1972-06-19,60.0
41,Spencer Smith,SpencerSmith@example.com,Usa,Monitor,20.0,1.0,1985-05-13,20.0
42,Christopher Stone,ChristopherStone@example.org,Uk,Laptop,200.0,4.0,1990-06-09,800.0
43,George Chandler,GeorgeChandler@example.net,Bangladesh,Headphones,7.0,3.0,1971-09-25,21.0
44,Caitlin Joseph,CaitlinJoseph@example.com,Usa,Keyboard,20.0,1.0,2007-10-23,20.0
45,Jennifer Ali,JenniferAli@example.org,Usa,Laptop,100.0,2.0,1972-12-08,200.0
46,Susan French,SusanFrench@example.org,Germany,Tablet,60.0,1.0,2006-05-27,60.0
47,Justin Valdez,JustinValdez@example.net,Canada,Headphones,35.0,3.0,2010-09-03,105.0
48,Jeremy Tucker,JeremyTucker@example.com,Bangladesh,Headphones,14.0,4.0,1990-01-24,56.0
49,Gene Harris,GeneHarris@example.net,Usa,Headphones,7.0,4.0,1975-08-17,28.0
50,Sally Morales,SallyMorales@example.org,Canada,Tablet,90.0,1.0,2023-12-12,90.0
51,Christine Lester,ChristineLester@example.org,Usa,Phone,120.0,4.0,2024-12-26,480.0
52,Vanessa Hayes,VanessaHayes@example.com,Uk,Keyboard,20.0,1.0,2001-10-18,20.0
53,Steven Williams,StevenWilliams@example.com,Uk,Phone,60.0,4.0,1993-11-09,240.0
54,Rebecca Olson,RebeccaOlson@example.org,India,Tablet,90.0,2.0,2025-11-16,180.0
55,Carlos Hunter,CarlosHunter@example.org,Usa,Headphones,28.0,2.0,2007-03-30,56.0
56,Natalie Wilson,NatalieWilson@example.org,Usa,Laptop,500.0,4.0,2018-11-03,2000.0
57,Gina Adams,GinaAdams@example.com,Usa,Headphones,7.0,2.0,1974-08-14,14.0
58,Susan Alexander,SusanAlexander@example.com,Bangladesh,Headphones,28.0,2.0,2004-03-17,56.0
59,Jeremy Tucker,JeremyTucker@example.net,India,Monitor,60.0,2.0,2025-08-11,120.0
60,Dawn Jones,DawnJones@example.com,Usa,Headphones,21.0,1.0,2000-08-11,21.0
61,Kevin Edwards,KevinEdwards@example.com,Germany,Laptop,500.0,3.0,2015-03-20,1500.0
62,John Leon,JohnLeon@example.com,Usa,Phone,60.0,3.0,1999-03-01,180.0
63,Tyler Whitaker,TylerWhitaker@example.com,Usa,Headphones,7.0,3.0,1975-10-25,21.0
64,John Sweeney,JohnSweeney@example.com,Usa,Phone,20.0,4.0,1979-12-24,80.0
65,Christina Taylor,ChristinaTaylor@example.net,Uk,Tablet,60.0,3.0,2006-05-27,180.0
66,Gina Marshall,GinaMarshall@example.org,Usa,Keyboard,20.0,1.0,2006-11-23,20.0
67,Emily Murphy,EmilyMurphy@example.net,Canada,Keyboard,10.0,3.0,1990-10-14,30.0
68,Melissa Werner,MelissaWerner@example.org,India,Phone,120.0,1.0,2023-05-06,120.0
69,Alan Mercer,AlanMercer@example.net,Bangladesh,Monitor,30.0,3.0,1993-08-06,90.0
70,Brian Barrett,BrianBarrett@example.org,Usa,Laptop,400.0,3.0,2002-07-20,1200.0
71,Christine Lester,ChristineLester@example.com,Canada,Laptop,600.0,3.0,2023-07-12,1800.0
72,Tyler Collins,TylerCollins@example.net,Usa,Monitor,40.0,1.0,2005-01-12,40.0
73,Douglas Sandoval,DouglasSandoval@example.org,Uk,Monitor,40.0,4.0,2002-12-24,160.0
74,Ryan Garcia,RyanGarcia@example.org,Bangladesh,Tablet,30.0,3.0,1981-12-23,90.0
75,Cathy Martin,CathyMartin@example.net,Usa,Laptop,300.0,2.0,1994-07-09,600.0
76,Christina Rose,ChristinaRose@example.net,Uk,Monitor,10.0,2.0,1977-02-25,20.0
77,Andrew Edwards,AndrewEdwards@example.org,Usa,Phone,80.0,4.0,2006-02-07,320.0
78,Seth Ruiz,SethRuiz@example.net,Uk,Phone,40.0,2.0,1983-06-28,80.0
79,Clinton Perez,ClintonPerez@example.com,Usa,Tablet,30.0,1.0,1981-10-07,30.0
80,Nicole Reese,NicoleReese@example.net,Bangladesh,Monitor,30.0,4.0,1993-04-27,120.0
81,Brenda Orr,BrendaOrr@example.com,Usa,Laptop,500.0,3.0,2016-04-13,1500.0
82,Samuel Abbott,SamuelAbbott@example.net,Uk,Keyboard,25.0,3.0,2016-11-05,75.0
83,Tyler Whitaker,TylerWhitaker@example.com,Germany,Tablet,45.0,2.0,1999-12-19,90.0
84,Barbara Richardson,BarbaraRichardson@example.com,Uk,Monitor,40.0,1.0,2007-02-25,40.0
85,Adam Scott,AdamScott@example.org,Canada,Phone,100.0,2.0,2012-01-26,200.0
86,Mark Davis,MarkDavis@example.com,Usa,Laptop,400.0,2.0,2003-05-10,800.0
87,Lisa Woods,LisaWoods@example.com,Uk,Tablet,75.0,4.0,2018-09-13,300.0
88,Terrence Munoz,TerrenceMunoz@example.org,Uk,Phone,40.0,1.0,1982-11-30,40.0
89,Ricky Holloway,RickyHolloway@example.org,Bangladesh,Phone,80.0,1.0,2002-11-24,80.0
90,Rebecca Barnes,RebeccaBarnes@example.org,Germany,Keyboard,20.0,4.0,2004-02-18,80.0
91,Charles May,CharlesMay@example.net,Germany,Headphones,28.0,2.0,2004-05-02,56.0
92,Dylan Mcdaniel,DylanMcdaniel@example.org,Bangladesh,Monitor,10.0,3.0,1976-09-12,30.0
93,Peter Walters,PeterWalters@example.net,Bangladesh,Monitor,10.0,4.0,1970-03-26,40.0
94,Dawn Simmons,DawnSimmons@example.org,Canada,Headphones,21.0,4.0,1996-11-13,84.0
95,Robin Trevino,RobinTrevino@example.org,Usa,Tablet,90.0,2.0,2020-02-29,180.0
96,Stacy Barry,StacyBarry@example.net,Uk,Headphones,21.0,3.0,1991-03-26,63.0
97,Angela Oconnor,AngelaOconnor@example.org,Usa,Keyboard,20.0,4.0,2001-06-30,80.0
98,Christine Lester,ChristineLester@example.net,Bangladesh,Tablet,45.0,4.0,1997-07-11,180.0
99,Jill Ortega,JillOrtega@example.org,Usa,Keyboard,5.0,3.0,1970-06-14,15.0
100,Andrew Perry,AndrewPerry@example.net,Uk,Laptop,300.0,2.0,1998-08-01,600.0
101,Benjamin Riggs,BenjaminRiggs@example.org,Uk,Monitor,20.0,4.0,1983-08-05,80.0
102,Elizabeth Nelson,ElizabethNelson@example.com,Canada,Headphones,35.0,4.0,2014-02-25,140.0
103,Jennifer Malone,JenniferMalone@example.org,India,Headphones,7.0,3.0,1973-08-10,21.0
104,Jeffrey Carter,JeffreyCarter@example.org,India,Monitor,40.0,4.0,2008-05-10,160.0
105,Sean Bowers,SeanBowers@example.org,Germany,Tablet,15.0,4.0,1978-09-15,60.0
106,Jeremy Tucker,JeremyTucker@example.org,Germany,Tablet,60.0,4.0,2001-01-03,240.0
107,Kathy Watkins,KathyWatkins@example.net,Germany,Keyboard,5.0,2.0,1972-11-19,10.0
108,Mary Arnold,MaryArnold@example.net,Uk,Keyboard,30.0,3.0,2022-10-30,90.0
109,Jeffrey Lambert,JeffreyLambert@example.com,Usa,Keyboard,25.0,2.0,2014-09-02,50.0
110,Sonya Martin,SonyaMartin@example.com,Germany,Tablet,45.0,3.0,1991-02-21,135.0
111,Tyler Whitaker,TylerWhitaker@example.org,Uk,Phone,40.0,1.0,1990-02-14,40.0
112,Mark Hudson,MarkHudson@example.com,Uk,Tablet,75.0,4.0,2018-03-23,300.0
113,Thomas Parker,ThomasParker@example.org,Uk,Phone,100.0,2.0,2011-05-03,200.0
114,Susan Jimenez,SusanJimenez@example.org,Canada,Headphones,35.0,1.0,2010-01-15,35.0
115,Julie Nguyen,JulieNguyen@example.org,Germany,Keyboard,15.0,1.0,1999-08-22,15.0
116,Bradley Rodriguez,BradleyRodriguez@example.net,India,Phone,100.0,1.0,2010-06-13,100.0
117,Mr. Michael Klein,Mr.MichaelKlein@example.net,India,Monitor,40.0,2.0,2007-04-22,80.0
118,Garrett Boyd,GarrettBoyd@example.org,Canada,Keyboard,15.0,4.0,1992-12-07,60.0
119,Anna Andrews,AnnaAndrews@example.com,India,Keyboard,15.0,2.0,1991-08-04,30.0
120,Mark Torres,MarkTorres@example.org,Uk,Tablet,75.0,3.0,2019-03-01,225.0
121,Michael Howell,MichaelHowell@example.com,Uk,Monitor,50.0,3.0,2013-10-09,150.0
122,Ann Cook,AnnCook@example.org,Usa,Headphones,28.0,2.0,2007-05-12,56.0
123,Abigail Anderson,AbigailAnderson@example.com,India,Laptop,300.0,2.0,1999-06-10,600.0
124,Jennifer Reyes,JenniferReyes@example.net,Usa,Monitor,40.0,1.0,2009-08-25,40.0
125,Marissa Anderson,MarissaAnderson@example.com,Uk,Laptop,400.0,4.0,2005-12-27,1600.0
126,Lauren Stephens,LaurenStephens@example.net,Canada,Phone,100.0,1.0,2014-11-14,100.0
127,John Moyer,JohnMoyer@example.com,Usa,Headphones,14.0,1.0,1984-02-12,14.0
128,Keith Brewer,KeithBrewer@example.com,Germany,Headphones,21.0,1.0,1998-11-26,21.0
129,Amy Moore,AmyMoore@example.net,Usa,Headphones,35.0,2.0,2016-08-14,70.0
130,Paul Henderson,PaulHenderson@example.org,Usa,Phone,80.0,3.0,2008-06-13,240.0
131,Lisa Blair,LisaBlair@example.com,Usa,Laptop,300.0,1.0,2000-04-12,300.0
132,Kristy Chambers,KristyChambers@example.org,Usa,Monitor,10.0,1.0,1977-07-06,10.0
133,Kristi Rodriguez,KristiRodriguez@example.com,Usa,Headphones,14.0,2.0,1984-11-04,28.0
134,Erica Wolf,EricaWolf@example.net,India,Phone,60.0,4.0,1999-08-06,240.0
135,Dr. Logan Fox V,Dr.LoganFoxV@example.net,Uk,Phone,100.0,2.0,2014-10-21,200.0
136,Lisa Peterson,LisaPeterson@example.org,Usa,Monitor,40.0,2.0,2005-06-17,80.0
137,Karen Garcia,KarenGarcia@example.com,Uk,Monitor,50.0,2.0,2012-07-25,100.0
138,Mitchell Flynn,MitchellFlynn@example.org,Germany,Phone,40.0,2.0,1988-09-06,80.0
139,Michelle Bennett,MichelleBennett@example.com,Bangladesh,Headphones,35.0,1.0,2014-11-16,35.0
140,Marie Monroe,MarieMonroe@example.com,Usa,Monitor,30.0,3.0,1997-02-23,90.0
141,Tara Gutierrez,TaraGutierrez@example.org,Usa,Phone,120.0,3.0,2020-05-13,360.0
142,Vanessa Mitchell,VanessaMitchell@example.net,Usa,Phone,20.0,2.0,1979-04-04,40.0
143,Christine Lester,ChristineLester@example.org,India,Headphones,35.0,4.0,2014-09-04,140.0
144,Jonathan Smith,JonathanSmith@example.org,Germany,Monitor,10.0,3.0,1970-04-23,30.0
145,David Mitchell,DavidMitchell@example.com,Usa,Keyboard,25.0,1.0,2012-11-18,25.0
146,Stacey Lynch,StaceyLynch@example.org,Usa,Tablet,75.0,4.0,2010-11-02,300.0
147,Thomas Vazquez,ThomasVazquez@example.org,Usa,Monitor,60.0,1.0,2022-11-05,60.0
148,Kelly Velasquez,KellyVelasquez@example.net,Uk,Monitor,30.0,3.0,2000-01-06,90.0
149,Jacob Cherry,JacobCherry@example.net,India,Keyboard,20.0,3.0,2004-03-23,60.0
150,Stacey Washington,StaceyWashington@example.com,Canada,Laptop,300.0,1.0,1991-05-16,300.0
151,Lauren Crawford,LaurenCrawford@example.org,Germany,Headphones,14.0,3.0,1989-06-22,42.0
152,Tyler Whitaker,TylerWhitaker@example.com,Uk,Phone,60.0,3.0,1999-03-05,180.0
153,Jamie Gonzalez,JamieGonzalez@example.com,Usa,Tablet,75.0,4.0,2011-02-08,300.0
154,Donna Perry,DonnaPerry@example.com,Usa,Keyboard,20.0,3.0,2005-05-18,60.0
155,Kayla Short,KaylaShort@example.com,Usa,Laptop,300.0,3.0,1993-09-16,900.0
156,Shawn Morales,ShawnMorales@example.org,Usa,Laptop,400.0,2.0,2004-07-21,800.0
157,Courtney Padilla,CourtneyPadilla@example.com,Usa,Tablet,60.0,3.0,2005-02-22,180.0
158,Felicia Harris,FeliciaHarris@example.org,India,Monitor,40.0,3.0,2007-05-09,120.0
159,Brandon Branch,BrandonBranch@example.org,Uk,Phone,100.0,3.0,2012-03-11,300.0
160,Joseph Sanchez,JosephSanchez@example.net,Bangladesh,Monitor,30.0,3.0,1991-01-24,90.0
161,David Nguyen,DavidNguyen@example.com,Usa,Laptop,600.0,1.0,2020-07-14,600.0
162,Dawn Jones,DawnJones@example.org,Usa,Laptop,100.0,1.0,1978-04-27,100.0
163,Paul Grant,PaulGrant@example.net,India,Keyboard,20.0,3.0,2009-05-03,60.0
164,Erika Brown,ErikaBrown@example.com,Uk,Laptop,400.0,2.0,2006-05-15,800.0
165,Terri Gallagher,TerriGallagher@example.com,Usa,Phone,60.0,3.0,1994-11-23,180.0
166,Christine Lester,ChristineLester@example.com,Germany,Tablet,15.0,1.0,1974-02-26,15.0
167,Teresa Cooper,TeresaCooper@example.net,Bangladesh,Keyboard,10.0,3.0,1982-01-29,30.0
168,Angel Harris,AngelHarris@example.org,Uk,Phone,60.0,1.0,1996-12-25,60.0
169,Nicholas Rodriguez,NicholasRodriguez@example.org,Usa,Phone,60.0,2.0,1997-07-25,120.0
170,Lauren Jackson,LaurenJackson@example.com,Usa,Monitor,40.0,4.0,2004-10-14,160.0
171,Ann Roberts,AnnRoberts@example.com,Germany,Keyboard,25.0,4.0,2010-06-23,100.0
172,Jamie Simpson,JamieSimpson@example.com,Usa,Laptop,500.0,4.0,2010-08-11,2000.0
173,Eric Perez,EricPerez@example.net,Canada,Phone,80.0,1.0,2007-11-16,80.0
174,Lynn Sandoval,LynnSandoval@example.com,Germany,Headphones,7.0,3.0,1975-09-17,21.0
175,Douglas Mccoy,DouglasMccoy@example.net,India,Tablet,75.0,3.0,2014-09-01,225.0
176,Kathy Kane,KathyKane@example.org,Usa,Monitor,10.0,4.0,1972-03-10,40.0
177,Cynthia Warren,CynthiaWarren@example.com,Usa,Tablet,45.0,3.0,1991-08-12,135.0
178,Jennifer Robinson,JenniferRobinson@example.net,Bangladesh,Monitor,20.0,1.0,1983-05-24,20.0
179,Robert Petersen,RobertPetersen@example.net,Uk,Tablet,30.0,1.0,1985-12-31,30.0
180,Anne Perez,AnnePerez@example.org,Usa,Laptop,600.0,4.0,2026-01-24,2400.0
181,Evan Watson II,EvanWatsonII@example.com,Usa,Headphones,28.0,3.0,2001-11-18,84.0
182,Susan Thomas,SusanThomas@example.org,Usa,Phone,40.0,1.0,1990-07-02,40.0
183,Gregory Collins,GregoryCollins@example.net,Bangladesh,Keyboard,5.0,3.0,1975-02-05,15.0
184,Erin Morris,ErinMorris@example.com,Uk,Laptop,500.0,3.0,2018-01-29,1500.0
185,John Carter,JohnCarter@example.net,Usa,Phone,80.0,2.0,2006-06-23,160.0
186,Nicole White,NicoleWhite@example.org,India,Keyboard,25.0,1.0,2018-12-26,25.0
187,Hunter Cross,HunterCross@example.org,Bangladesh,Tablet,75.0,2.0,2011-02-19,150.0
188,Nicholas Page,NicholasPage@example.com,Usa,Headphones,14.0,4.0,1985-03-14,56.0
189,Ryan Reynolds,RyanReynolds@example.net,Uk,Headphones,28.0,4.0,2008-10-07,112.0
190,Cody Garcia,CodyGarcia@example.org,Germany,Tablet,75.0,1.0,2011-04-20,75.0
191,Kathleen Turner,KathleenTurner@example.org,Canada,Headphones,28.0,1.0,2004-06-30,28.0
192,Taylor Garcia,TaylorGarcia@example.com,Canada,Keyboard,20.0,3.0,2006-12-02,60.0
193,Jason Kelley,JasonKelley@example.org,Bangladesh,Phone,100.0,1.0,2014-05-14,100.0
194,Patricia Navarro,PatriciaNavarro@example.com,Uk,Monitor,10.0,1.0,1978-08-02,10.0
195,Mary Thomas,MaryThomas@example.net,Bangladesh,Headphones,7.0,1.0,1974-07-12,7.0
196,Roy Hull,RoyHull@example.com,Uk,Monitor,20.0,1.0,1989-02-01,20.0
197,Mandy Williams,MandyWilliams@example.net,Bangladesh,Laptop,200.0,1.0,1989-12-07,200.0
198,Nathan Brown,NathanBrown@example.net,Usa,Laptop,400.0,3.0,2009-07-08,1200.0
199,Travis Perez,TravisPerez@example.org,India,Phone,100.0,4.0,2014-10-13,400.0
200,Shane Watts,ShaneWatts@example.com,Uk,Keyboard,20.0,1.0,2008-08-06,20.0
201,Tyler Whitaker,TylerWhitaker@example.org,Usa,Laptop,600.0,3.0,2022-02-10,1800.0
202,Julie Harris,JulieHarris@example.com,Bangladesh,Monitor,10.0,2.0,1971-09-18,20.0
203,Brittany Bennett,BrittanyBennett@example.com,Germany,Monitor,50.0,3.0,2012-07-15,150.0
204,Tyler Whitaker,TylerWhitaker@example.net,Bangladesh,Monitor,50.0,3.0,2010-12-25,150.0
205,Michelle Holmes,MichelleHolmes@example.org,India,Tablet,60.0,2.0,2005-03-24,120.0
206,Alexandria Mcgee,AlexandriaMcgee@example.org,Bangladesh,Monitor,10.0,3.0,1974-06-10,30.0
207,Julie Nguyen,JulieNguyen@example.com,Usa,Monitor,60.0,3.0,2025-08-15,180.0
208,Jessica Perez,JessicaPerez@example.com,Usa,Tablet,90.0,3.0,2025-03-18,270.0
209,Gwendolyn Odonnell,GwendolynOdonnell@example.com,India,Headphones,7.0,3.0,1977-10-02,21.0
210,Tyler Clark,TylerClark@example.com,Usa,Laptop,200.0,4.0,1990-11-10,800.0
211,Dawn Jones,DawnJones@example.com,Bangladesh,Tablet,45.0,2.0,2000-05-02,90.0
212,Alan Williams,AlanWilliams@example.net,Uk,Monitor,50.0,2.0,2012-10-08,100.0
213,Justin Watkins,JustinWatkins@example.net,Bangladesh,Monitor,50.0,1.0,2011-03-04,50.0
214,Javier Hester,JavierHester@example.net,Uk,Keyboard,15.0,4.0,1995-01-09,60.0
215,Nathaniel Willis,NathanielWillis@example.com,Usa,Keyboard,15.0,2.0,1995-05-20,30.0
216,Steven Davis,StevenDavis@example.net,Uk,Tablet,75.0,3.0,2016-07-14,225.0
217,Kimberly Williams,KimberlyWilliams@example.com,Germany,Monitor,40.0,2.0,2006-02-15,80.0
218,Benjamin Howard,BenjaminHoward@example.net,Usa,Headphones,28.0,2.0,2003-08-08,56.0
219,Christopher Daugherty,ChristopherDaugherty@example.net,Usa,Headphones,21.0,3.0,1993-04-25,63.0
220,Angela Rogers,AngelaRogers@example.net,Uk,Laptop,200.0,1.0,1985-07-01,200.0
221,Richard Shepherd,RichardShepherd@example.com,Usa,Phone,120.0,3.0,2022-01-07,360.0
222,Teresa Martin,TeresaMartin@example.net,Usa,Laptop,400.0,3.0,2008-01-06,1200.0
223,Miranda Sherman,MirandaSherman@example.com,Bangladesh,Tablet,60.0,4.0,2005-03-03,240.0
224,Erica Solis,EricaSolis@example.org,Uk,Laptop,600.0,4.0,2024-04-03,2400.0
225,William Hoffman,WilliamHoffman@example.net,Usa,Laptop,400.0,3.0,2008-11-14,1200.0
226,William Howell,WilliamHowell@example.com,Uk,Phone,60.0,1.0,1992-07-12,60.0
227,Ryan Brown,RyanBrown@example.org,Usa,Tablet,75.0,1.0,2013-04-19,75.0
228,Douglas Green,DouglasGreen@example.org,Usa,Keyboard,10.0,3.0,1986-12-04,30.0
229,Rebecca Lewis,RebeccaLewis@example.com,Usa,Tablet,15.0,4.0,1970-04-20,60.0
230,Jonathan Murray,JonathanMurray@example.org,Bangladesh,Laptop,600.0,4.0,2023-07-01,2400.0
231,David Kemp,DavidKemp@example.com,Usa,Headphones,28.0,1.0,2001-08-03,28.0
232,Christine Lester,ChristineLester@example.com,Usa,Keyboard,25.0,1.0,2015-12-04,25.0
233,Katherine Castro,KatherineCastro@example.org,Usa,Tablet,60.0,3.0,2001-04-11,180.0
234,Erin Hughes,ErinHughes@example.net,Usa,Headphones,42.0,1.0,2021-07-24,42.0
235,Kristen Smith,KristenSmith@example.net,Uk,Phone,100.0,4.0,2010-04-11,400.0
236,Lori Parker,LoriParker@example.net,Usa,Headphones,14.0,1.0,1985-05-24,14.0
237,Kelly Smith,KellySmith@example.org,Uk,Phone,40.0,3.0,1984-06-10,120.0
238,Cody Delgado,CodyDelgado@example.net,Uk,Laptop,400.0,1.0,2004-12-11,400.0
239,Jeremy Tucker,JeremyTucker@example.net,Usa,Headphones,28.0,1.0,2009-07-01,28.0
240,Mark Williams,MarkWilliams@example.com,Uk,Headphones,28.0,2.0,2001-08-19,56.0
241,Micheal Adkins,MichealAdkins@example.com,India,Monitor,50.0,4.0,2010-05-09,200.0
242,Belinda Murphy,BelindaMurphy@example.org,Germany,Tablet,30.0,3.0,1983-04-30,90.0
243,Victoria Mora,VictoriaMora@example.com,India,Tablet,60.0,2.0,2007-03-10,120.0
244,Cathy Bridges,CathyBridges@example.com,Canada,Monitor,40.0,4.0,2001-12-07,160.0
245,Jake Hines,JakeHines@example.org,India,Keyboard,25.0,3.0,2013-06-03,75.0
246,Hannah Nguyen,HannahNguyen@example.com,Uk,Phone,100.0,3.0,2018-01-21,300.0
247,John Wade,JohnWade@example.net,Usa,Phone,60.0,3.0,2000-01-11,180.0
248,Matthew Morales,MatthewMorales@example.net,Germany,Tablet,75.0,2.0,2011-11-20,150.0
249,Christine Lester,ChristineLester@example.net,Germany,Phone,100.0,3.0,2017-04-18,300.0
250,Brenda Hayes,BrendaHayes@example.com,Usa,Monitor,50.0,1.0,2010-05-05,50.0
251,Joseph Reid,JosephReid@example.org,Uk,Keyboard,15.0,1.0,1992-07-09,15.0
252,James Weaver,JamesWeaver@example.org,Bangladesh,Laptop,600.0,4.0,2022-01-17,2400.0
253,Alyssa Harrison,AlyssaHarrison@example.net,Canada,Monitor,40.0,2.0,2004-10-02,80.0
254,Rebecca Owens,RebeccaOwens@example.org,India,Laptop,400.0,4.0,2006-07-17,1600.0
255,David Payne,DavidPayne@example.org,Usa,Tablet,75.0,1.0,2012-09-17,75.0
256,Kathryn Orr,KathrynOrr@example.org,Usa,Laptop,300.0,1.0,1996-01-03,300.0
257,Jeremiah Phillips,JeremiahPhillips@example.net,Uk,Phone,80.0,3.0,2006-12-11,240.0
258,Thomas Livingston,ThomasLivingston@example.org,Uk,Monitor,50.0,2.0,2013-03-24,100.0
259,Sarah Collins,SarahCollins@example.net,Usa,Laptop,500.0,2.0,2019-06-07,1000.0
260,Dawn Jones,DawnJones@example.net,Canada,Tablet,75.0,4.0,2012-11-10,300.0
261,Nina Nguyen,NinaNguyen@example.com,Uk,Monitor,20.0,3.0,1986-05-09,60.0
262,Candice Garcia,CandiceGarcia@example.com,Uk,Headphones,21.0,2.0,1992-04-28,42.0
263,Douglas Nelson,DouglasNelson@example.org,Usa,Tablet,45.0,1.0,1998-06-07,45.0
264,Evan Schmitt,EvanSchmitt@example.net,Usa,Laptop,300.0,1.0,2000-11-25,300.0
265,Ashley Perkins MD,AshleyPerkinsMD@example.net,Germany,Headphones,35.0,1.0,2018-05-28,35.0
266,Stephen Thompson,StephenThompson@example.com,India,Phone,40.0,1.0,1984-10-20,40.0
267,James Silva,JamesSilva@example.com,Bangladesh,Headphones,21.0,3.0,2000-04-10,63.0
268,Debra Davis,DebraDavis@example.org,Usa,Laptop,400.0,3.0,2002-03-21,1200.0
269,Tyler Whitaker,TylerWhitaker@example.net,Usa,Keyboard,30.0,2.0,2025-07-29,60.0
270,Steven Scott,StevenScott@example.com,Uk,Headphones,28.0,4.0,2006-07-08,112.0
271,Michele Holmes,MicheleHolmes@example.org,Canada,Keyboard,25.0,2.0,2019-05-28,50.0
272,Morgan Henson,MorganHenson@example.net,Canada,Laptop,100.0,1.0,1974-11-20,100.0
273,Karen Glover,KarenGlover@example.com,Usa,Headphones,7.0,1.0,1977-10-18,7.0
274,Theodore Wilson,TheodoreWilson@example.com,Usa,Headphones,28.0,3.0,2004-08-15,84.0
275,Nicholas Mcdonald,NicholasMcdonald@example.net,Germany,Keyboard,25.0,3.0,2014-03-12,75.0
276,Laura Long,LauraLong@example.org,Usa,Laptop,400.0,4.0,2007-09-23,1600.0
277,Michelle Williams,MichelleWilliams@example.org,Usa,Headphones,14.0,2.0,1985-04-29,28.0
278,Jeremy Tucker,JeremyTucker@example.net,Bangladesh,Laptop,100.0,2.0,1977-11-16,200.0
279,Raymond Murillo,RaymondMurillo@example.net,Canada,Laptop,400.0,1.0,2007-10-02,400.0
280,Andrew Williams,AndrewWilliams@example.net,Usa,Laptop,400.0,1.0,2001-07-27,400.0
281,Antonio Williams,AntonioWilliams@example.net,Canada,Laptop,300.0,4.0,2000-04-04,1200.0
282,Danielle Porter,DaniellePorter@example.com,Germany,Keyboard,30.0,3.0,2024-09-21,90.0
283,Susan Pearson,SusanPearson@example.net,Usa,Headphones,28.0,4.0,2007-08-27,112.0
284,Angela Tran DDS,AngelaTranDDS@example.com,Uk,Monitor,30.0,3.0,1991-07-18,90.0
285,Ashley Hernandez,AshleyHernandez@example.com,Uk,Keyboard,5.0,3.0,1974-02-06,15.0
286,Shannon Martin,ShannonMartin@example.com,Usa,Headphones,35.0,4.0,2014-08-21,140.0
287,April Nichols,AprilNichols@example.org,Germany,Laptop,500.0,3.0,2011-07-14,1500.0
288,Diana Dawson,DianaDawson@example.com,Canada,Monitor,10.0,2.0,1972-05-15,20.0
289,Jennifer Sullivan,JenniferSullivan@example.net,Usa,Monitor,40.0,1.0,2008-06-19,40.0
290,Nicole Benson,NicoleBenson@example.net,Bangladesh,Phone,60.0,1.0,1996-08-29,60.0
291,Dr. Tara Hines,Dr.TaraHines@example.net,Usa,Monitor,10.0,1.0,1971-07-17,10.0
292,Michael Nelson,MichaelNelson@example.net,Usa,Phone,80.0,1.0,2007-04-08,80.0
293,Natalie Walters,NatalieWalters@example.net,Usa,Headphones,14.0,2.0,1983-01-05,28.0
294,Michelle Morales,MichelleMorales@example.com,India,Monitor,30.0,2.0,1997-07-11,60.0
295,Dawn Jones,DawnJones@example.org,Usa,Laptop,500.0,1.0,2014-09-02,500.0
296,Cynthia Phillips,CynthiaPhillips@example.com,Canada,Laptop,100.0,2.0,1976-06-19,200.0
297,Allison Wagner,AllisonWagner@example.com,Bangladesh,Headphones,28.0,4.0,2007-12-19,112.0
298,Troy Baker,TroyBaker@example.com,Usa,Monitor,50.0,3.0,2014-12-06,150.0
299,Susan Gray,SusanGray@example.com,Usa,Phone,100.0,4.0,2012-02-17,400.0
300,Daniel Watson,DanielWatson@example.org,Canada,Laptop,100.0,3.0,1971-06-21,300.0
301,Laura Mcdaniel,LauraMcdaniel@example.org,Usa,Headphones,28.0,3.0,2001-10-27,84.0
302,Julie Nguyen,JulieNguyen@example.net,Usa,Phone,120.0,3.0,2020-11-23,360.0
303,Jessica Harris,JessicaHarris@example.net,India,Laptop,500.0,2.0,2018-09-27,1000.0
304,Gabrielle Howard,GabrielleHoward@example.net,Usa,Keyboard,20.0,1.0,2001-05-21,20.0
305,Justin Hall,JustinHall@example.com,Uk,Keyboard,25.0,3.0,2018-02-27,75.0
306,Meghan Castro,MeghanCastro@example.org,Usa,Headphones,35.0,2.0,2019-11-27,70.0
307,James Jenkins,JamesJenkins@example.net,Uk,Keyboard,25.0,1.0,2011-03-06,25.0
308,Cynthia Smith,CynthiaSmith@example.net,Usa,Tablet,15.0,2.0,1975-06-23,30.0
309,Mr. David Russo,Mr.DavidRusso@example.net,Uk,Phone,120.0,2.0,2021-12-31,240.0
310,Heidi Mueller,HeidiMueller@example.net,Usa,Keyboard,15.0,3.0,2000-06-12,45.0
311,Tyler Whitaker,TylerWhitaker@example.org,Uk,Laptop,400.0,1.0,2005-10-26,400.0
312,Jeffrey Stokes,JeffreyStokes@example.com,Usa,Headphones,28.0,4.0,2006-12-20,112.0
313,Stephen Merritt,StephenMerritt@example.org,Uk,Monitor,40.0,2.0,2002-12-04,80.0
314,Ashley Martinez,AshleyMartinez@example.com,Usa,Keyboard,5.0,3.0,1980-11-14,15.0
315,Gina Bowen,GinaBowen@example.net,Uk,Keyboard,30.0,1.0,2020-12-28,30.0
316,Jeremy Tucker,JeremyTucker@example.org,Usa,Keyboard,20.0,2.0,2006-09-18,40.0
317,Patricia Walker,PatriciaWalker@example.com,Uk,Tablet,90.0,4.0,2020-11-13,360.0
318,Melissa Edwards,MelissaEdwards@example.com,Canada,Keyboard,20.0,2.0,2008-11-15,40.0
319,Christine Mathews,ChristineMathews@example.net,Usa,Laptop,200.0,1.0,1985-01-09,200.0
320,Ricky Bryant,RickyBryant@example.net,Canada,Headphones,35.0,2.0,2016-02-15,70.0
321,Karen Snyder,KarenSnyder@example.com,Germany,Laptop,300.0,3.0,1993-12-13,900.0
322,Kevin Johnson,KevinJohnson@example.net,Uk,Phone,40.0,4.0,1987-01-16,160.0
323,Amanda Wood,AmandaWood@example.com,Uk,Laptop,500.0,1.0,2012-05-05,500.0
324,Timothy Bryant,TimothyBryant@example.net,Uk,Headphones,35.0,4.0,2014-05-14,140.0
325,Luis Lee,LuisLee@example.net,Usa,Phone,40.0,3.0,1982-09-21,120.0
326,Summer Thomas,SummerThomas@example.net,Germany,Headphones,7.0,1.0,1974-03-31,7.0
327,Susan Thomas,SusanThomas@example.net,Uk,Keyboard,15.0,2.0,1997-04-09,30.0
328,James Juarez,JamesJuarez@example.com,Uk,Phone,20.0,2.0,1976-08-25,40.0
329,Tyler Holmes,TylerHolmes@example.org,Uk,Headphones,7.0,2.0,1977-09-06,14.0
330,Amber Macias,AmberMacias@example.org,India,Laptop,400.0,3.0,2001-01-02,1200.0
331,David Rowe,DavidRowe@example.org,Uk,Phone,20.0,3.0,1973-08-07,60.0
332,Terrence Wilson,TerrenceWilson@example.net,Usa,Headphones,35.0,3.0,2013-09-12,105.0
333,Jennifer French,JenniferFrench@example.net,Usa,Monitor,60.0,4.0,2020-01-20,240.0
334,Greg Gregory,GregGregory@example.net,Usa,Monitor,50.0,1.0,2014-06-24,50.0
335,Lisa Ellis,LisaEllis@example.net,Germany,Monitor,40.0,3.0,2003-05-15,120.0
336,Jean Hall,JeanHall@example.com,Usa,Keyboard,25.0,4.0,2010-10-06,100.0
337,Julie Nguyen,JulieNguyen@example.net,Germany,Laptop,400.0,2.0,2002-02-01,800.0
338,Jeremy Tucker,JeremyTucker@example.net,Usa,Phone,80.0,3.0,2007-01-06,240.0
339,Michael Holden,MichaelHolden@example.org,Germany,Tablet,15.0,4.0,1971-01-28,60.0
340,Hunter Cook,HunterCook@example.com,Bangladesh,Laptop,500.0,4.0,2010-09-21,2000.0
341,Michael Gregory,MichaelGregory@example.net,India,Keyboard,25.0,4.0,2011-10-08,100.0
342,Brandon Morris,BrandonMorris@example.com,Uk,Phone,40.0,1.0,1982-11-29,40.0
343,Larry Daugherty,LarryDaugherty@example.org,Uk,Phone,80.0,4.0,2003-06-19,320.0
344,Thomas Vasquez,ThomasVasquez@example.org,Usa,Monitor,10.0,3.0,1977-07-27,30.0
345,Jessica Carroll,JessicaCarroll@example.org,India,Headphones,28.0,3.0,2007-07-21,84.0
346,Roger Lozano,RogerLozano@example.net,Germany,Tablet,45.0,1.0,1998-08-01,45.0
347,Dawn Jones,DawnJones@example.com,Usa,Phone,100.0,4.0,2015-10-19,400.0
348,Daniel Nelson,DanielNelson@example.net,Usa,Laptop,600.0,1.0,2025-04-30,600.0
349,Allison Conley,AllisonConley@example.org,Bangladesh,Laptop,400.0,3.0,2003-08-05,1200.0
350,Nicholas Baker,NicholasBaker@example.org,Bangladesh,Laptop,200.0,4.0,1990-06-13,800.0
351,Sandra Myers,SandraMyers@example.net,India,Laptop,300.0,2.0,2000-05-04,600.0
352,Julie Nguyen,JulieNguyen@example.com,Bangladesh,Keyboard,30.0,1.0,2023-12-09,30.0
353,Danny Casey,DannyCasey@example.com,Germany,Tablet,60.0,1.0,2006-12-07,60.0
354,Dwayne Wu,DwayneWu@example.com,Uk,Monitor,40.0,3.0,2002-08-19,120.0
355,Maria Murphy,MariaMurphy@example.org,Germany,Headphones,21.0,3.0,1991-09-19,63.0
356,Beth Gordon,BethGordon@example.com,India,Headphones,35.0,2.0,2018-06-13,70.0
357,Philip Hobbs,PhilipHobbs@example.net,Usa,Laptop,400.0,3.0,2007-02-10,1200.0
358,Ryan Wagner,RyanWagner@example.org,Usa,Tablet,30.0,1.0,1981-12-31,30.0
359,Daniel Todd,DanielTodd@example.net,Usa,Phone,60.0,1.0,1995-08-20,60.0
360,Angela Hoover,AngelaHoover@example.com,Canada,Headphones,28.0,3.0,2005-10-13,84.0
361,Frank Bryant,FrankBryant@example.com,Usa,Laptop,100.0,3.0,1971-03-19,300.0
362,Patrick Myers,PatrickMyers@example.com,Bangladesh,Monitor,10.0,3.0,1976-06-02,30.0
363,Julie Nguyen,JulieNguyen@example.net,Bangladesh,Laptop,600.0,1.0,2025-03-20,600.0
364,Anna Hanson,AnnaHanson@example.org,Usa,Laptop,500.0,3.0,2011-02-16,1500.0
365,Angela Dixon,AngelaDixon@example.org,Usa,Keyboard,15.0,2.0,1993-03-06,30.0
366,Dr. Jean Nunez,Dr.JeanNunez@example.com,Uk,Keyboard,10.0,4.0,1981-04-17,40.0
367,Jorge Byrd,JorgeByrd@example.net,Uk,Monitor,20.0,3.0,1987-08-29,60.0
368,Chad Boyle,ChadBoyle@example.com,Usa,Laptop,500.0,2.0,2016-01-06,1000.0
369,Douglas Gray,DouglasGray@example.com,Bangladesh,Tablet,15.0,3.0,1979-01-16,45.0
370,Douglas Gomez,DouglasGomez@example.com,Usa,Keyboard,5.0,4.0,1977-02-16,20.0
371,Sabrina Lee,SabrinaLee@example.org,Uk,Headphones,28.0,3.0,2003-02-25,84.0
372,Philip Mendoza,PhilipMendoza@example.com,Usa,Laptop,400.0,1.0,2009-01-17,400.0
373,Christopher Thomas,ChristopherThomas@example.net,Usa,Monitor,40.0,3.0,2009-07-27,120.0
374,Christine Lester,ChristineLester@example.com,Germany,Keyboard,5.0,4.0,1974-02-14,20.0
375,Austin Martinez,AustinMartinez@example.com,Canada,Keyboard,10.0,3.0,1988-02-03,30.0
376,Heidi Cook,HeidiCook@example.org,Bangladesh,Headphones,35.0,2.0,2016-06-16,70.0
377,Dr. Christopher Jacobs,Dr.ChristopherJacobs@example.com,Usa,Keyboard,20.0,1.0,2008-07-02,20.0
378,Rachel Smith,RachelSmith@example.com,Uk,Headphones,7.0,4.0,1974-06-09,28.0
379,Jeffery Coleman,JefferyColeman@example.net,India,Monitor,40.0,3.0,2009-10-03,120.0
380,David Holmes,DavidHolmes@example.net,India,Monitor,60.0,4.0,2021-11-07,240.0
381,Bryan Johnson,BryanJohnson@example.org,Usa,Monitor,30.0,4.0,1999-06-29,120.0
382,Mr. Shawn Rice,Mr.ShawnRice@example.net,Bangladesh,Laptop,500.0,2.0,2012-04-07,1000.0
383,Clayton Townsend,ClaytonTownsend@example.com,Uk,Tablet,60.0,2.0,2009-03-29,120.0
384,Andrew Rodriguez,AndrewRodriguez@example.org,Bangladesh,Laptop,100.0,3.0,1974-02-15,300.0
385,Tyler Whitaker,TylerWhitaker@example.com,Germany,Monitor,30.0,3.0,1991-05-04,90.0
386,Charles Day,CharlesDay@example.net,Bangladesh,Keyboard,20.0,4.0,2008-01-13,80.0
387,Michael Rhodes,MichaelRhodes@example.com,Usa,Phone,40.0,2.0,1981-06-04,80.0
388,Marc Haney,MarcHaney@example.net,India,Monitor,20.0,3.0,1987-10-05,60.0
389,Carlos Cruz,CarlosCruz@example.org,Germany,Laptop,300.0,4.0,1996-02-19,1200.0
390,Christine Lester,ChristineLester@example.com,Uk,Tablet,15.0,1.0,1971-11-07,15.0
391,Michael Torres,MichaelTorres@example.net,Canada,Headphones,21.0,3.0,1993-01-12,63.0
392,Christopher Wu,ChristopherWu@example.com,Germany,Keyboard,20.0,1.0,2008-01-01,20.0
393,Brian Sullivan,BrianSullivan@example.com,Uk,Monitor,40.0,4.0,2003-03-31,160.0
394,Michele Mathews,MicheleMathews@example.com,Germany,Headphones,7.0,4.0,1973-02-10,28.0
395,Jessica Smith,JessicaSmith@example.com,Canada,Phone,80.0,3.0,2004-08-10,240.0
396,David Long,DavidLong@example.net,India,Laptop,500.0,4.0,2014-11-03,2000.0
397,Molly Brown,MollyBrown@example.org,India,Monitor,40.0,2.0,2005-09-30,80.0
398,Cynthia Ramos,CynthiaRamos@example.com,Usa,Keyboard,5.0,2.0,1978-12-26,10.0
399,Dr. Caleb Stevens,Dr.CalebStevens@example.net,India,Laptop,100.0,1.0,1980-11-11,100.0
400,Robert Hawkins,RobertHawkins@example.org,Uk,Monitor,20.0,4.0,1983-02-02,80.0
401,Christine Lester,ChristineLester@example.net,Usa,Keyboard,20.0,1.0,2007-10-11,20.0
402,Brianna Lopez,BriannaLopez@example.com,India,Tablet,30.0,1.0,1983-12-10,30.0
403,Karen Hughes,KarenHughes@example.org,Usa,Tablet,60.0,1.0,2008-03-25,60.0
404,April Moyer,AprilMoyer@example.org,Usa,Phone,100.0,2.0,2012-10-02,200.0
405,Jason Barrera,JasonBarrera@example.com,Germany,Headphones,28.0,4.0,2001-10-04,112.0
406,Nancy Davis,NancyDavis@example.com,Usa,Keyboard,20.0,3.0,2008-05-26,60.0
407,Brenda Foster,BrendaFoster@example.org,Usa,Laptop,500.0,1.0,2019-09-08,500.0
408,Shane Newton,ShaneNewton@example.org,Uk,Keyboard,20.0,1.0,2003-09-19,20.0
409,Dawn Jones,DawnJones@example.com,Bangladesh,Keyboard,15.0,1.0,2000-10-15,15.0
410,Monica Gutierrez,MonicaGutierrez@example.com,Germany,Tablet,75.0,1.0,2016-05-07,75.0
411,Leslie Smith,LeslieSmith@example.com,India,Tablet,75.0,1.0,2010-12-09,75.0
412,David Thomas,DavidThomas@example.org,Bangladesh,Laptop,500.0,1.0,2014-11-19,500.0
413,Andrew Salas,AndrewSalas@example.net,Uk,Tablet,75.0,4.0,2019-03-24,300.0
414,Wendy Lee,WendyLee@example.com,India,Tablet,60.0,3.0,2004-10-08,180.0
415,David Aguirre,DavidAguirre@example.com,Uk,Phone,20.0,4.0,1970-01-12,80.0
416,Mary Hart,MaryHart@example.net,Uk,Laptop,400.0,1.0,2001-03-11,400.0
417,Tara Brown,TaraBrown@example.org,Usa,Keyboard,15.0,1.0,1991-12-01,15.0
418,Laura Ford,LauraFord@example.com,Uk,Tablet,15.0,3.0,1975-02-11,45.0
419,Patrick Jackson,PatrickJackson@example.org,Usa,Tablet,45.0,2.0,1998-04-23,90.0
420,David Mcmillan,DavidMcmillan@example.org,Uk,Keyboard,5.0,3.0,1980-10-08,15.0
421,Renee Carroll,ReneeCarroll@example.org,Usa,Laptop,400.0,2.0,2002-03-23,800.0
422,Nancy Rivera,NancyRivera@example.net,Usa,Monitor,10.0,4.0,1979-07-03,40.0
423,Crystal Harris,CrystalHarris@example.net,Bangladesh,Monitor,40.0,2.0,2006-02-24,80.0
424,Melinda Alvarez,MelindaAlvarez@example.org,Usa,Monitor,30.0,4.0,1991-03-11,120.0
425,Samantha Cannon,SamanthaCannon@example.net,Germany,Keyboard,10.0,3.0,1983-10-30,30.0
426,Anthony Sherman,AnthonySherman@example.org,Canada,Laptop,500.0,1.0,2010-01-12,500.0
427,Erin Wilson,ErinWilson@example.org,Germany,Keyboard,15.0,1.0,1992-09-26,15.0
428,Jeremiah Jones,JeremiahJones@example.net,Germany,Headphones,21.0,1.0,1999-05-26,21.0
429,Mark Booker,MarkBooker@example.org,Usa,Keyboard,5.0,1.0,1978-06-11,5.0
430,Christine Lester,ChristineLester@example.com,Usa,Phone,80.0,4.0,2006-04-05,320.0
431,Jerry Kennedy,JerryKennedy@example.net,Bangladesh,Monitor,20.0,2.0,1989-09-04,40.0
432,Alexandra Sandoval,AlexandraSandoval@example.org,Usa,Monitor,60.0,1.0,2023-03-02,60.0
433,Allison Mitchell,AllisonMitchell@example.com,Germany,Phone,60.0,1.0,1992-08-13,60.0
434,Kathryn Smith,KathrynSmith@example.net,India,Laptop,200.0,1.0,1988-02-27,200.0
435,Christy Gardner,ChristyGardner@example.net,Usa,Keyboard,30.0,2.0,2021-03-15,60.0
436,David Jackson,DavidJackson@example.org,Uk,Laptop,400.0,3.0,2002-01-15,1200.0
437,Christina Heath,ChristinaHeath@example.org,Usa,Tablet,90.0,4.0,2023-11-05,360.0
438,Donna Cox,DonnaCox@example.org,Uk,Phone,100.0,3.0,2016-05-14,300.0
439,Christine Daugherty,ChristineDaugherty@example.net,Usa,Monitor,30.0,4.0,2000-12-07,120.0
440,Laura Hall,LauraHall@example.net,India,Laptop,200.0,2.0,1982-07-26,400.0
441,Jacqueline Gregory,JacquelineGregory@example.com,Uk,Keyboard,20.0,1.0,2006-02-24,20.0
442,Shannon Ashley,ShannonAshley@example.com,Bangladesh,Laptop,400.0,2.0,2001-01-19,800.0
443,Andrew Robertson,AndrewRobertson@example.com,Uk,Tablet,75.0,3.0,2019-11-23,225.0
444,Jonathan Robbins,JonathanRobbins@example.com,India,Monitor,30.0,1.0,1996-09-26,30.0
445,Jennifer Holmes,JenniferHolmes@example.net,Uk,Phone,80.0,1.0,2001-08-19,80.0
446,Nicole Payne,NicolePayne@example.com,Germany,Phone,60.0,4.0,1993-06-26,240.0
447,Mr. Zachary Davis DDS,Mr.ZacharyDavisDDS@example.org,Usa,Laptop,300.0,4.0,1992-12-02,1200.0
448,Linda Pollard,LindaPollard@example.org,Germany,Keyboard,20.0,3.0,2005-07-31,60.0
449,Lance Mckinney,LanceMckinney@example.com,Uk,Headphones,21.0,1.0,1993-02-17,21.0
450,Kevin Jones,KevinJones@example.net,Uk,Phone,80.0,4.0,2002-10-15,320.0
451,Julie Nguyen,JulieNguyen@example.org,Canada,Laptop,300.0,4.0,2000-02-16,1200.0
452,Laurie Jacobs,LaurieJacobs@example.org,Bangladesh,Phone,100.0,1.0,2012-11-16,100.0
453,Jo Jones,JoJones@example.net,Canada,Headphones,28.0,3.0,2002-07-09,84.0
454,Michael Lewis,MichaelLewis@example.net,Bangladesh,Phone,20.0,2.0,1978-12-24,40.0
455,Edward Hernandez,EdwardHernandez@example.org,Bangladesh,Monitor,40.0,3.0,2003-05-22,120.0
456,Robert Brown,RobertBrown@example.net,Usa,Monitor,40.0,4.0,2002-03-19,160.0
457,Lynn Clark,LynnClark@example.org,Germany,Phone,40.0,2.0,1982-05-26,80.0
458,Danielle Williams,DanielleWilliams@example.net,Usa,Monitor,40.0,1.0,2003-10-17,40.0
459,Ann Phillips,AnnPhillips@example.com,Canada,Tablet,15.0,3.0,1979-05-04,45.0
460,Antonio Stokes,AntonioStokes@example.org,Bangladesh,Monitor,20.0,2.0,1982-01-24,40.0
461,Rebecca Fitzpatrick,RebeccaFitzpatrick@example.org,Bangladesh,Tablet,15.0,2.0,1975-05-22,30.0
462,Jeffrey Williams,JeffreyWilliams@example.com,Usa,Headphones,28.0,2.0,2004-06-04,56.0
463,Olivia Lewis MD,OliviaLewisMD@example.net,Germany,Keyboard,30.0,1.0,2020-02-06,30.0
464,Jamie Shea,JamieShea@example.org,Usa,Headphones,35.0,2.0,2012-04-08,70.0
465,Ruth Tate,RuthTate@example.org,Bangladesh,Monitor,40.0,2.0,2008-02-10,80.0
466,Ryan Graves MD,RyanGravesMD@example.net,Usa,Laptop,100.0,4.0,1972-04-28,400.0
467,Helen Weber,HelenWeber@example.org,Usa,Phone,60.0,3.0,1993-05-22,180.0
468,Jeffrey Davis,JeffreyDavis@example.com,Usa,Monitor,40.0,2.0,2006-10-01,80.0
469,James Smith,JamesSmith@example.net,Uk,Keyboard,20.0,2.0,2002-01-17,40.0
470,Dawn Jones,DawnJones@example.org,Usa,Tablet,75.0,2.0,2018-01-18,150.0
471,Jeremy Tucker,JeremyTucker@example.org,Uk,Laptop,100.0,2.0,1974-01-21,200.0
472,Carolyn Clarke,CarolynClarke@example.org,Usa,Laptop,600.0,1.0,2022-08-17,600.0
473,Dawn Jones,DawnJones@example.net,Usa,Headphones,28.0,2.0,2001-04-24,56.0
474,Willie Anderson,WillieAnderson@example.com,Germany,Tablet,15.0,1.0,1976-05-17,15.0
475,Mariah Scott,MariahScott@example.com,Uk,Monitor,10.0,1.0,1975-08-08,10.0
476,Meredith Nash,MeredithNash@example.net,Uk,Laptop,300.0,1.0,1991-01-03,300.0
477,Amy Jordan,AmyJordan@example.org,Uk,Keyboard,20.0,4.0,2007-02-06,80.0
478,Jeremy Tucker,JeremyTucker@example.net,Uk,Laptop,400.0,2.0,2001-06-27,800.0
479,Joseph Hernandez,JosephHernandez@example.com,Usa,Keyboard,25.0,2.0,2010-12-05,50.0
480,William Gonzalez,WilliamGonzalez@example.com,Bangladesh,Tablet,15.0,1.0,1976-07-15,15.0
481,Sarah Yang,SarahYang@example.net,India,Keyboard,30.0,4.0,2020-06-16,120.0
482,Jeremy Tucker,JeremyTucker@example.net,Usa,Phone,80.0,1.0,2004-11-20,80.0
483,Mary Smith,MarySmith@example.com,Usa,Phone,40.0,2.0,1990-09-10,80.0
484,Denise Mcguire,DeniseMcguire@example.com,Germany,Phone,80.0,2.0,2009-01-07,160.0
485,Kathleen Schmidt,KathleenSchmidt@example.com,Uk,Headphones,7.0,4.0,1978-10-26,28.0
486,Julie Nguyen,JulieNguyen@example.com,Usa,Laptop,100.0,1.0,1976-06-13,100.0
487,Cristian Anderson,CristianAnderson@example.org,Usa,Tablet,60.0,3.0,2004-08-09,180.0
488,Mrs. Julie Stephenson,Mrs.JulieStephenson@example.org,Uk,Headphones,28.0,3.0,2008-05-27,84.0
489,Michelle Chapman,MichelleChapman@example.net,Germany,Keyboard,20.0,1.0,2005-05-07,20.0
490,Scott Nelson,ScottNelson@example.org,Canada,Headphones,21.0,3.0,2000-12-17,63.0
491,Kayla Herrera,KaylaHerrera@example.net,Uk,Phone,80.0,2.0,2009-08-23,160.0
492,Colleen Bauer,ColleenBauer@example.net,Usa,Phone,20.0,2.0,1978-10-07,40.0
493,Jackson Jackson,JacksonJackson@example.org,Usa,Keyboard,10.0,2.0,1984-04-10,20.0
494,Katherine Macias,KatherineMacias@example.org,Uk,Monitor,40.0,1.0,2002-06-17,40.0
495,Rebecca Bishop,RebeccaBishop@example.com,Usa,Laptop,400.0,2.0,2002-07-04,800.0
496,Melissa Dougherty,MelissaDougherty@example.org,India,Headphones,42.0,2.0,2022-07-16,84.0
497,Kenneth Mcguire,KennethMcguire@example.net,Uk,Monitor,40.0,3.0,2005-05-20,120.0
498,Tyler Whitaker,TylerWhitaker@example.net,Usa,Tablet,30.0,2.0,1986-10-21,60.0
499,Alexander Knight,AlexanderKnight@example.net,Canada,Tablet,30.0,4.0,1981-03-11,120.0
500,Thomas Martin,ThomasMartin@example.com,Uk,Phone,100.0,1.0,2012-11-02,100.0
501,Timothy Hart,TimothyHart@example.com,Canada,Tablet,45.0,3.0,2000-04-02,135.0
502,Brooke Holloway,BrookeHolloway@example.com,Uk,Keyboard,25.0,4.0,2014-06-17,100.0
503,Richard Gregory,RichardGregory@example.net,India,Headphones,14.0,2.0,1985-11-05,28.0
504,George Fleming,GeorgeFleming@example.net,Usa,Tablet,90.0,4.0,2023-11-24,360.0
505,Timothy Lutz,TimothyLutz@example.com,Uk,Laptop,300.0,3.0,1997-02-23,900.0
506,Patricia Butler,PatriciaButler@example.com,Usa,Keyboard,30.0,4.0,2025-10-08,120.0
507,John Mccoy,JohnMccoy@example.org,Canada,Keyboard,20.0,2.0,2006-07-26,40.0
508,Daniel Stephenson,DanielStephenson@example.org,Usa,Tablet,60.0,3.0,2001-10-19,180.0
509,David Larson,DavidLarson@example.net,Usa,Tablet,75.0,1.0,2011-08-13,75.0
510,Luke Mendoza,LukeMendoza@example.org,Germany,Laptop,600.0,1.0,2021-07-10,600.0
511,Victoria Davis,VictoriaDavis@example.org,Germany,Monitor,50.0,4.0,2010-05-01,200.0
512,Kathryn Carter,KathrynCarter@example.com,Canada,Laptop,400.0,3.0,2003-05-09,1200.0
513,Brandon Moore,BrandonMoore@example.net,Usa,Keyboard,15.0,2.0,1992-01-02,30.0
514,Benjamin Yoder,BenjaminYoder@example.org,India,Monitor,40.0,3.0,2007-05-22,120.0
515,Mr. Joseph Cohen MD,Mr.JosephCohenMD@example.com,Bangladesh,Laptop,200.0,3.0,1981-02-02,600.0
516,Joel Clark,JoelClark@example.com,Canada,Phone,20.0,3.0,1974-07-24,60.0
517,David Campbell,DavidCampbell@example.org,Usa,Phone,80.0,3.0,2003-10-09,240.0
518,Darlene Wilson,DarleneWilson@example.com,Canada,Keyboard,25.0,4.0,2010-04-18,100.0
519,Erin Gill,ErinGill@example.org,Usa,Keyboard,30.0,3.0,2022-04-04,90.0
520,Dawn Jones,DawnJones@example.org,Uk,Headphones,28.0,3.0,2006-07-08,84.0
521,Jennifer Parker,JenniferParker@example.net,India,Phone,100.0,1.0,2013-12-21,100.0
522,William Brown II,WilliamBrownII@example.com,Canada,Laptop,500.0,4.0,2011-09-26,2000.0
523,Mariah Rodriguez,MariahRodriguez@example.com,Usa,Tablet,75.0,2.0,2019-07-04,150.0
524,Gordon Cannon,GordonCannon@example.org,Usa,Phone,100.0,4.0,2014-08-08,400.0
525,Joshua Hernandez,JoshuaHernandez@example.org,Canada,Phone,60.0,1.0,2000-07-25,60.0
526,Jeanette Burton,JeanetteBurton@example.org,Canada,Keyboard,5.0,2.0,1972-06-01,10.0
527,Cody Hudson,CodyHudson@example.com,Usa,Phone,80.0,1.0,2008-07-26,80.0
528,Don Banks,DonBanks@example.net,Uk,Headphones,7.0,1.0,1971-01-25,7.0
529,Joshua Miller,JoshuaMiller@example.org,India,Headphones,35.0,3.0,2014-04-20,105.0
530,Bethany Wilson,BethanyWilson@example.com,Usa,Headphones,7.0,2.0,1973-09-27,14.0
531,Melinda Burch,MelindaBurch@example.org,Uk,Laptop,200.0,2.0,1982-08-29,400.0
532,Benjamin Bowman,BenjaminBowman@example.net,Uk,Keyboard,5.0,3.0,1970-05-21,15.0
533,Michelle Logan,MichelleLogan@example.org,Germany,Laptop,500.0,2.0,2011-02-04,1000.0
534,Edgar Henderson,EdgarHenderson@example.org,Bangladesh,Headphones,28.0,1.0,2004-08-19,28.0
535,Erica Powell,EricaPowell@example.com,Uk,Headphones,35.0,3.0,2019-12-26,105.0
536,Shannon Jones,ShannonJones@example.com,Germany,Keyboard,15.0,4.0,1996-10-04,60.0
537,Maria Ward,MariaWard@example.com,Usa,Tablet,75.0,2.0,2019-10-19,150.0
538,Michael Vasquez,MichaelVasquez@example.net,Usa,Headphones,35.0,3.0,2012-01-13,105.0
539,Dale Lopez,DaleLopez@example.com,India,Headphones,7.0,1.0,1976-02-22,7.0
540,Maria Mills,MariaMills@example.org,India,Headphones,35.0,3.0,2014-07-26,105.0
541,Meredith Macdonald,MeredithMacdonald@example.com,Uk,Phone,40.0,2.0,1987-02-03,80.0
542,Joseph Abbott,JosephAbbott@example.net,Uk,Monitor,10.0,3.0,1970-07-10,30.0
543,Patrick Rodriguez,PatrickRodriguez@example.net,Usa,Phone,80.0,4.0,2002-01-23,320.0
544,Olivia Watkins,OliviaWatkins@example.com,Germany,Monitor,20.0,4.0,1981-06-16,80.0
545,Jacob Mckinney,JacobMckinney@example.com,India,Laptop,400.0,1.0,2009-05-15,400.0
546,Mary Adams,MaryAdams@example.net,Canada,Headphones,14.0,2.0,1989-08-26,28.0
547,Jeffrey Mitchell,JeffreyMitchell@example.net,Germany,Keyboard,20.0,1.0,2001-08-18,20.0
548,Sarah Liu,SarahLiu@example.net,Usa,Phone,100.0,2.0,2011-01-02,200.0
549,Kevin Collier,KevinCollier@example.net,Canada,Phone,80.0,3.0,2009-07-18,240.0
550,Tyler Whitaker,TylerWhitaker@example.net,Usa,Monitor,40.0,3.0,2009-07-09,120.0
551,Stacy Butler,StacyButler@example.org,Bangladesh,Monitor,50.0,2.0,2014-04-24,100.0
552,Victoria Hernandez,VictoriaHernandez@example.com,Uk,Monitor,40.0,1.0,2004-05-25,40.0
553,Jennifer Solis,JenniferSolis@example.com,India,Phone,80.0,1.0,2005-08-22,80.0
554,Morgan Thompson,MorganThompson@example.net,India,Laptop,200.0,2.0,1989-11-19,400.0
555,Joel Larsen,JoelLarsen@example.net,Canada,Tablet,45.0,3.0,2000-02-09,135.0
556,Tina Salas,TinaSalas@example.net,India,Keyboard,20.0,3.0,2004-12-05,60.0
557,Jeremy Tucker,JeremyTucker@example.net,Usa,Headphones,35.0,1.0,2019-09-27,35.0
558,Gregory Marquez,GregoryMarquez@example.net,Bangladesh,Headphones,35.0,1.0,2011-06-27,35.0
559,David Jacobs,DavidJacobs@example.com,Uk,Keyboard,20.0,2.0,2003-01-24,40.0
560,Patricia Flowers,PatriciaFlowers@example.net,Uk,Phone,60.0,3.0,1991-04-05,180.0
561,Dave Stewart,DaveStewart@example.org,Canada,Monitor,40.0,1.0,2009-08-23,40.0
562,Jennifer Velasquez,JenniferVelasquez@example.org,Usa,Headphones,7.0,1.0,1979-07-01,7.0
563,Jared Willis,JaredWillis@example.org,Uk,Laptop,300.0,1.0,2000-03-20,300.0
564,Jon Shah,JonShah@example.com,Canada,Phone,80.0,2.0,2009-11-02,160.0
565,Tiffany Johnson,TiffanyJohnson@example.net,Usa,Phone,60.0,1.0,1993-03-29,60.0
566,Brian Collins,BrianCollins@example.net,Canada,Laptop,400.0,2.0,2007-03-01,800.0
567,Dawn Williams,DawnWilliams@example.org,Uk,Tablet,90.0,2.0,2025-02-16,180.0
568,Susan Hampton,SusanHampton@example.com,Germany,Tablet,60.0,1.0,2004-05-06,60.0
569,John Patterson,JohnPatterson@example.net,Canada,Keyboard,20.0,1.0,2005-09-09,20.0
570,Christine Lester,ChristineLester@example.org,Uk,Keyboard,30.0,1.0,2021-12-23,30.0
571,Jeremy Tucker,JeremyTucker@example.org,India,Headphones,35.0,2.0,2010-01-19,70.0
572,Joseph Barnes,JosephBarnes@example.com,Usa,Keyboard,15.0,1.0,1995-01-27,15.0
573,Anne Gill,AnneGill@example.org,India,Phone,100.0,3.0,2011-02-04,300.0
574,Cody Hoover,CodyHoover@example.com,India,Laptop,500.0,2.0,2013-08-29,1000.0
575,Michael Pugh,MichaelPugh@example.com,India,Keyboard,15.0,3.0,2000-11-10,45.0
576,Cristian Smith,CristianSmith@example.org,Usa,Headphones,7.0,1.0,1975-01-15,7.0
577,Hannah Love,HannahLove@example.org,Uk,Phone,100.0,3.0,2014-06-13,300.0
578,Katie Clark,KatieClark@example.org,India,Laptop,100.0,3.0,1975-01-22,300.0
579,Phillip Smith,PhillipSmith@example.net,Usa,Monitor,40.0,1.0,2005-06-23,40.0
580,Carl Strong,CarlStrong@example.com,Usa,Headphones,28.0,4.0,2008-09-23,112.0
581,Marcus Jordan,MarcusJordan@example.net,Bangladesh,Laptop,500.0,2.0,2014-06-08,1000.0
582,Amanda Ross,AmandaRoss@example.net,Uk,Monitor,30.0,4.0,1996-02-22,120.0
583,Sarah Knox,SarahKnox@example.com,India,Monitor,30.0,1.0,1996-07-03,30.0
584,Dawn Jones,DawnJones@example.org,Uk,Phone,20.0,2.0,1979-12-22,40.0
585,Heather Johnson,HeatherJohnson@example.net,Canada,Phone,60.0,1.0,1999-09-05,60.0
586,Anthony Malone,AnthonyMalone@example.org,Usa,Headphones,35.0,3.0,2013-08-22,105.0
587,Brandon Mathews,BrandonMathews@example.com,Bangladesh,Phone,80.0,3.0,2006-05-22,240.0
588,Rachel Terrell,RachelTerrell@example.net,Usa,Headphones,28.0,2.0,2008-03-06,56.0
589,Judy Kline,JudyKline@example.org,Germany,Laptop,400.0,3.0,2007-10-13,1200.0
590,Tracy Davis,TracyDavis@example.com,Uk,Monitor,30.0,3.0,2000-07-18,90.0
591,Penny Paul,PennyPaul@example.com,India,Monitor,20.0,1.0,1988-05-14,20.0
592,Amy Pugh,AmyPugh@example.org,India,Keyboard,25.0,3.0,2013-02-18,75.0
593,Donna Turner,DonnaTurner@example.net,Bangladesh,Keyboard,20.0,3.0,2006-02-23,60.0
594,Amy Mayer,AmyMayer@example.net,Usa,Keyboard,10.0,3.0,1981-10-21,30.0
595,Samuel Houston,SamuelHouston@example.net,Bangladesh,Headphones,7.0,4.0,1977-03-27,28.0
596,Megan Combs,MeganCombs@example.com,Bangladesh,Headphones,7.0,2.0,1979-12-10,14.0
597,Stacey Morrow,StaceyMorrow@example.org,Germany,Laptop,600.0,4.0,2024-05-04,2400.0
598,Jared Hester,JaredHester@example.org,Bangladesh,Laptop,200.0,3.0,1987-08-15,600.0
599,Jennifer Cooke,JenniferCooke@example.com,Canada,Tablet,30.0,1.0,1986-03-24,30.0
600,Rhonda Johnson,RhondaJohnson@example.net,Usa,Monitor,50.0,1.0,2013-10-01,50.0
601,Diane Livingston,DianeLivingston@example.com,Uk,Phone,80.0,1.0,2008-07-27,80.0
602,Nicole Soto,NicoleSoto@example.com,Uk,Tablet,60.0,3.0,2001-09-05,180.0
603,Gary Norman,GaryNorman@example.net,Usa,Headphones,35.0,2.0,2012-11-02,70.0
604,Jesse Hernandez,JesseHernandez@example.org,Usa,Keyboard,5.0,3.0,1976-09-27,15.0
605,Clayton Stone,ClaytonStone@example.net,Germany,Tablet,75.0,3.0,2011-03-24,225.0
606,Courtney Jones,CourtneyJones@example.org,Uk,Monitor,30.0,1.0,1993-11-05,30.0
607,Micheal Shannon,MichealShannon@example.org,Uk,Laptop,200.0,2.0,1988-11-07,400.0
608,Maria Davidson,MariaDavidson@example.org,Germany,Keyboard,15.0,2.0,1996-01-11,30.0
609,Christine Lester,ChristineLester@example.net,Canada,Tablet,75.0,1.0,2016-04-15,75.0
610,Tyler Whitaker,TylerWhitaker@example.org,Usa,Laptop,400.0,3.0,2004-04-26,1200.0
611,Darrell Ponce,DarrellPonce@example.net,Usa,Laptop,100.0,3.0,1972-11-06,300.0
612,Curtis Calderon,CurtisCalderon@example.com,Uk,Laptop,300.0,3.0,1993-03-19,900.0
613,Jennifer Miller,JenniferMiller@example.net,Usa,Monitor,20.0,1.0,1989-08-20,20.0
614,Dawn Jones,DawnJones@example.net,Usa,Tablet,75.0,2.0,2015-05-31,150.0
615,Bryan Cooper,BryanCooper@example.net,Uk,Keyboard,30.0,4.0,2025-07-07,120.0
616,Danielle Johnson,DanielleJohnson@example.org,Usa,Laptop,100.0,2.0,1976-11-03,200.0
617,Connie Williams,ConnieWilliams@example.org,Uk,Keyboard,20.0,1.0,2002-04-05,20.0
618,Theresa Watson,TheresaWatson@example.com,Germany,Monitor,50.0,2.0,2015-11-03,100.0
619,Robert Moore,RobertMoore@example.net,Uk,Headphones,28.0,2.0,2008-07-20,56.0
620,Brittany Gardner,BrittanyGardner@example.com,Uk,Laptop,600.0,4.0,2023-06-01,2400.0
621,Sara Mcbride,SaraMcbride@example.net,Bangladesh,Tablet,30.0,2.0,1983-10-21,60.0
622,Amanda Willis,AmandaWillis@example.org,Canada,Headphones,28.0,1.0,2001-10-27,28.0
623,William Pugh,WilliamPugh@example.com,India,Headphones,35.0,1.0,2011-02-07,35.0
624,Mark Camacho,MarkCamacho@example.net,Usa,Headphones,14.0,4.0,1989-05-18,56.0
625,Dawn Jones,DawnJones@example.net,India,Headphones,42.0,3.0,2024-03-20,126.0
626,Ellen Whitehead,EllenWhitehead@example.org,Usa,Headphones,21.0,3.0,2000-10-27,63.0
627,Erin Underwood,ErinUnderwood@example.org,India,Headphones,28.0,3.0,2004-02-22,84.0
628,Thomas Rice,ThomasRice@example.org,Canada,Phone,20.0,3.0,1970-01-23,60.0
629,Kristen Pittman DDS,KristenPittmanDDS@example.org,Germany,Monitor,20.0,2.0,1990-05-18,40.0
630,William Johnson,WilliamJohnson@example.org,Germany,Monitor,50.0,3.0,2017-10-15,150.0
631,Amanda Ross,AmandaRoss@example.org,Uk,Phone,60.0,2.0,1992-02-15,120.0
632,Daniel Dominguez,DanielDominguez@example.com,Usa,Tablet,45.0,1.0,2000-09-08,45.0
633,Emily Torres,EmilyTorres@example.net,Uk,Keyboard,5.0,2.0,1980-09-28,10.0
634,Jessica Mason,JessicaMason@example.com,Germany,Monitor,30.0,1.0,1996-09-30,30.0
635,Steven Finley,StevenFinley@example.net,Usa,Headphones,42.0,1.0,2020-08-02,42.0
636,Christine Lester,ChristineLester@example.org,Usa,Monitor,50.0,4.0,2013-01-22,200.0
637,Phillip Saunders,PhillipSaunders@example.com,Usa,Keyboard,5.0,2.0,1976-09-27,10.0
638,Anthony Taylor,AnthonyTaylor@example.net,Usa,Tablet,60.0,1.0,2006-01-15,60.0
639,Kristina Joseph,KristinaJoseph@example.com,Usa,Monitor,20.0,3.0,1981-06-20,60.0
640,Shelly Haney,ShellyHaney@example.net,India,Headphones,35.0,1.0,2014-09-08,35.0
641,Rodney Moore,RodneyMoore@example.net,Uk,Phone,100.0,1.0,2019-10-05,100.0
642,Grant Dawson,GrantDawson@example.org,Canada,Tablet,90.0,4.0,2021-06-09,360.0
643,Tyler Whitaker,TylerWhitaker@example.org,Uk,Laptop,500.0,1.0,2010-02-19,500.0
644,Renee Brown,ReneeBrown@example.org,Uk,Laptop,500.0,3.0,2015-05-10,1500.0
645,Lindsay Rowe,LindsayRowe@example.net,Canada,Headphones,35.0,2.0,2012-08-10,70.0
646,Tina Clark,TinaClark@example.net,Usa,Keyboard,10.0,2.0,1990-04-22,20.0
647,Christopher Lee,ChristopherLee@example.com,Usa,Keyboard,20.0,3.0,2004-05-25,60.0
648,Matthew Dunn,MatthewDunn@example.net,Usa,Keyboard,20.0,3.0,2005-09-01,60.0
649,Samantha Burke,SamanthaBurke@example.org,India,Monitor,40.0,1.0,2004-04-05,40.0
650,Kimberly Peters,KimberlyPeters@example.com,Canada,Laptop,400.0,1.0,2004-09-10,400.0
651,Lauren Robinson,LaurenRobinson@example.net,Bangladesh,Phone,20.0,3.0,1970-06-04,60.0
652,Jennifer Smith,JenniferSmith@example.com,Bangladesh,Laptop,400.0,1.0,2009-07-21,400.0
653,Jared Owen,JaredOwen@example.org,Uk,Keyboard,20.0,2.0,2002-11-03,40.0
654,Michael Woods,MichaelWoods@example.org,Canada,Keyboard,20.0,2.0,2006-05-28,40.0
655,Christine Harris DDS,ChristineHarrisDDS@example.net,Bangladesh,Headphones,28.0,2.0,2001-02-08,56.0
656,Nicholas Scott,NicholasScott@example.org,Usa,Tablet,75.0,2.0,2012-03-01,150.0
657,Elijah Jones,ElijahJones@example.net,Bangladesh,Laptop,500.0,3.0,2013-04-04,1500.0
658,Sarah Sheppard,SarahSheppard@example.org,Usa,Headphones,28.0,4.0,2007-05-14,112.0
659,Julie Nguyen,JulieNguyen@example.net,India,Tablet,75.0,4.0,2012-10-20,300.0
660,Jason Young,JasonYoung@example.org,Usa,Phone,20.0,1.0,1976-03-08,20.0
661,Ashley Savage,AshleySavage@example.net,Canada,Phone,20.0,3.0,1980-02-05,60.0
662,Melissa Davis,MelissaDavis@example.net,Bangladesh,Headphones,35.0,3.0,2014-12-13,105.0
663,Michael Snyder,MichaelSnyder@example.org,Uk,Headphones,28.0,3.0,2007-03-27,84.0
664,Dawn Jones,DawnJones@example.org,Uk,Keyboard,15.0,1.0,1997-04-10,15.0
665,Anthony Quinn,AnthonyQuinn@example.com,Usa,Laptop,300.0,2.0,2000-11-16,600.0
666,Melissa Moon,MelissaMoon@example.net,India,Keyboard,20.0,2.0,2005-11-18,40.0
667,Jonathan Porter,JonathanPorter@example.org,Canada,Headphones,35.0,4.0,2015-09-12,140.0
668,Mr. Robert Williams,Mr.RobertWilliams@example.com,Bangladesh,Phone,100.0,4.0,2017-10-01,400.0
669,Eileen Shaffer,EileenShaffer@example.com,Canada,Laptop,500.0,1.0,2016-12-19,500.0
670,Michael Porter,MichaelPorter@example.org,Canada,Keyboard,25.0,4.0,2017-07-12,100.0
671,John Vasquez,JohnVasquez@example.org,India,Headphones,35.0,2.0,2011-02-08,70.0
672,Kirk Carroll,KirkCarroll@example.com,Canada,Keyboard,15.0,2.0,2000-01-21,30.0
673,Jason Hansen,JasonHansen@example.org,Uk,Monitor,50.0,3.0,2012-08-15,150.0
674,Melissa Howard,MelissaHoward@example.org,Usa,Laptop,500.0,1.0,2019-11-20,500.0
675,William Mason,WilliamMason@example.net,Uk,Keyboard,30.0,4.0,2024-03-11,120.0
676,Jack Thompson,JackThompson@example.org,Bangladesh,Keyboard,5.0,3.0,1976-01-17,15.0
677,Julie Nguyen,JulieNguyen@example.net,Uk,Laptop,500.0,1.0,2016-10-04,500.0
678,Melissa Haas,MelissaHaas@example.com,Usa,Monitor,40.0,2.0,2002-02-15,80.0
679,Linda Mcbride,LindaMcbride@example.org,Usa,Headphones,7.0,4.0,1970-02-12,28.0
680,Dr. Bernard Lewis MD,Dr.BernardLewisMD@example.org,Uk,Keyboard,15.0,2.0,1994-06-28,30.0
681,Danielle Horne,DanielleHorne@example.com,India,Laptop,300.0,4.0,1991-08-07,1200.0
682,Zachary Bowers,ZacharyBowers@example.org,Usa,Monitor,40.0,2.0,2002-03-08,80.0
683,Joshua Robinson,JoshuaRobinson@example.org,Usa,Phone,100.0,4.0,2017-06-07,400.0
684,Dustin Pineda,DustinPineda@example.net,Uk,Phone,100.0,3.0,2011-08-01,300.0
685,Kimberly Matthews,KimberlyMatthews@example.org,Canada,Monitor,60.0,2.0,2020-04-26,120.0
686,Blake Anderson,BlakeAnderson@example.org,Usa,Keyboard,15.0,1.0,2000-02-10,15.0
687,Stephanie Cross,StephanieCross@example.com,Uk,Monitor,10.0,2.0,1973-11-10,20.0
688,Gary Jennings,GaryJennings@example.net,Usa,Tablet,45.0,2.0,1992-03-11,90.0
689,Kimberly Ellis,KimberlyEllis@example.org,Usa,Tablet,15.0,4.0,1970-03-20,60.0
690,Christine Lester,ChristineLester@example.com,Usa,Keyboard,10.0,3.0,1990-12-25,30.0
691,Tyler Whitaker,TylerWhitaker@example.org,India,Phone,80.0,4.0,2001-01-22,320.0
692,Katie Garcia,KatieGarcia@example.com,Uk,Laptop,400.0,3.0,2004-08-23,1200.0
693,Tammy Rodgers,TammyRodgers@example.net,Bangladesh,Tablet,45.0,1.0,1991-03-05,45.0
694,Dawn Jones,DawnJones@example.org,Usa,Monitor,60.0,3.0,2024-05-27,180.0
695,Travis Sharp,TravisSharp@example.com,India,Tablet,60.0,2.0,2008-02-11,120.0
696,Savannah Hopkins,SavannahHopkins@example.net,Uk,Tablet,75.0,3.0,2014-01-19,225.0
697,Lisa Taylor,LisaTaylor@example.org,Usa,Laptop,300.0,3.0,2000-11-08,900.0
698,Matthew Shepherd,MatthewShepherd@example.com,Usa,Keyboard,10.0,2.0,1984-04-26,20.0
699,Michaela Francis,MichaelaFrancis@example.net,Canada,Monitor,40.0,4.0,2006-02-05,160.0
700,Jennifer Stevens,JenniferStevens@example.com,Bangladesh,Headphones,35.0,3.0,2011-12-21,105.0
701,Caitlin Mitchell,CaitlinMitchell@example.com,Uk,Headphones,35.0,2.0,2019-01-29,70.0
702,Carolyn Gray,CarolynGray@example.org,Canada,Headphones,14.0,4.0,1981-12-02,56.0
703,William Cross,WilliamCross@example.com,Usa,Tablet,60.0,4.0,2007-12-10,240.0
704,Timothy Green,TimothyGreen@example.com,Uk,Headphones,14.0,3.0,1983-10-30,42.0
705,Manuel Zimmerman,ManuelZimmerman@example.net,Usa,Phone,20.0,3.0,1974-11-23,60.0
706,Dr. Tina Blake DDS,Dr.TinaBlakeDDS@example.org,India,Headphones,21.0,3.0,2000-08-04,63.0
707,Tonya Kramer,TonyaKramer@example.org,Canada,Keyboard,10.0,2.0,1982-05-12,20.0
708,Eugene Clark,EugeneClark@example.org,Uk,Tablet,90.0,1.0,2020-07-31,90.0
709,Michael Foster,MichaelFoster@example.com,India,Headphones,35.0,1.0,2015-03-05,35.0
710,Zachary Fleming,ZacharyFleming@example.org,Usa,Laptop,400.0,1.0,2002-06-21,400.0
711,Megan Ruiz,MeganRuiz@example.com,Usa,Headphones,28.0,2.0,2009-08-07,56.0
712,Michael Nelson,MichaelNelson@example.org,Uk,Keyboard,25.0,2.0,2015-12-18,50.0
713,Joel Graham,JoelGraham@example.org,Usa,Tablet,30.0,1.0,1983-12-31,30.0
714,Jacqueline Garcia,JacquelineGarcia@example.org,Bangladesh,Phone,80.0,1.0,2009-12-17,80.0
715,Troy Clark,TroyClark@example.net,Usa,Monitor,40.0,3.0,2003-05-01,120.0
716,Michelle Gonzalez,MichelleGonzalez@example.org,Bangladesh,Headphones,21.0,2.0,1997-07-02,42.0
717,Donna Greene,DonnaGreene@example.com,Usa,Phone,100.0,4.0,2013-10-05,400.0
718,Mary Navarro,MaryNavarro@example.com,Bangladesh,Keyboard,15.0,2.0,1994-10-09,30.0
719,Angela Carpenter,AngelaCarpenter@example.com,Usa,Phone,60.0,4.0,1993-09-28,240.0
720,Daniel Hickman,DanielHickman@example.com,Usa,Tablet,75.0,3.0,2012-01-22,225.0
721,Christine Lester,ChristineLester@example.org,Bangladesh,Laptop,100.0,3.0,1973-11-18,300.0
722,Nicholas Levy,NicholasLevy@example.net,Uk,Phone,40.0,2.0,1986-04-19,80.0
723,Christine Johnson MD,ChristineJohnsonMD@example.com,Usa,Keyboard,10.0,4.0,1989-07-15,40.0
724,Ronald Roy,RonaldRoy@example.net,Usa,Phone,100.0,3.0,2011-11-15,300.0
725,Monica Cruz,MonicaCruz@example.net,Canada,Laptop,500.0,1.0,2011-04-15,500.0
726,Sara Hughes,SaraHughes@example.com,Uk,Laptop,300.0,2.0,1994-01-02,600.0
727,Julie Nguyen,JulieNguyen@example.org,Usa,Laptop,100.0,3.0,1974-09-25,300.0
728,Mrs. Janet Arroyo MD,Mrs.JanetArroyoMD@example.org,Usa,Laptop,300.0,2.0,2000-04-14,600.0
729,Benjamin Garcia,BenjaminGarcia@example.org,Usa,Monitor,10.0,1.0,1974-07-13,10.0
730,Chloe Brown MD,ChloeBrownMD@example.net,Uk,Keyboard,10.0,4.0,1984-02-10,40.0
731,Tyler Whitaker,TylerWhitaker@example.org,Uk,Monitor,30.0,1.0,1994-08-11,30.0
732,Richard Smith,RichardSmith@example.org,Germany,Monitor,30.0,1.0,1995-09-18,30.0
733,Melissa Stevens,MelissaStevens@example.net,Germany,Tablet,30.0,4.0,1988-05-15,120.0
734,Elizabeth Boyer,ElizabethBoyer@example.net,Germany,Phone,100.0,2.0,2011-07-19,200.0
735,Morgan Howell,MorganHowell@example.org,Uk,Laptop,400.0,1.0,2007-04-06,400.0
736,Anna Gregory,AnnaGregory@example.net,Usa,Monitor,60.0,3.0,2023-08-29,180.0
737,Michael Harris,MichaelHarris@example.org,Usa,Keyboard,20.0,1.0,2008-11-16,20.0
738,Henry Wilson,HenryWilson@example.net,India,Laptop,500.0,1.0,2010-04-04,500.0
739,April Greer,AprilGreer@example.net,Usa,Keyboard,20.0,2.0,2002-03-26,40.0
740,Thomas Hill,ThomasHill@example.org,Usa,Keyboard,20.0,3.0,2003-12-19,60.0
741,Steven Russell,StevenRussell@example.org,Usa,Phone,100.0,4.0,2012-01-14,400.0
742,Roger Ray,RogerRay@example.com,India,Keyboard,10.0,3.0,1984-06-29,30.0
743,Joshua Cardenas IV,JoshuaCardenasIV@example.com,Bangladesh,Laptop,300.0,2.0,2000-05-10,600.0
744,Paul Pace,PaulPace@example.net,Canada,Headphones,28.0,2.0,2005-08-05,56.0
745,Christian Rios,ChristianRios@example.org,Uk,Headphones,42.0,3.0,2025-04-16,126.0
746,Lisa Robertson,LisaRobertson@example.com,India,Tablet,60.0,1.0,2004-11-15,60.0
747,Tina Smith,TinaSmith@example.com,Usa,Tablet,30.0,3.0,1985-08-06,90.0
748,Alexander Thompson,AlexanderThompson@example.com,Germany,Phone,80.0,1.0,2001-11-14,80.0
749,Michael Taylor,MichaelTaylor@example.com,Uk,Monitor,40.0,3.0,2008-10-10,120.0
750,Tyler Whitaker,TylerWhitaker@example.org,Uk,Keyboard,5.0,4.0,1970-05-21,20.0
751,Melissa Jackson,MelissaJackson@example.com,Usa,Headphones,21.0,2.0,2000-06-27,42.0
752,Melissa Simpson,MelissaSimpson@example.com,Usa,Keyboard,15.0,2.0,1991-01-02,30.0
753,April Shelton,AprilShelton@example.net,Usa,Phone,100.0,1.0,2011-03-13,100.0
754,James Rubio,JamesRubio@example.org,Germany,Phone,60.0,2.0,1995-06-27,120.0
755,Rebecca Ortiz,RebeccaOrtiz@example.com,Germany,Headphones,14.0,4.0,1984-04-23,56.0
756,Derrick Pearson,DerrickPearson@example.com,Canada,Keyboard,10.0,3.0,1985-01-29,30.0
757,Karen Miller,KarenMiller@example.org,Canada,Laptop,500.0,1.0,2011-02-01,500.0
758,Tyler Whitaker,TylerWhitaker@example.org,Uk,Laptop,400.0,3.0,2006-09-02,1200.0
759,Summer Sexton,SummerSexton@example.org,Canada,Tablet,90.0,3.0,2021-02-12,270.0
760,Zachary Carney,ZacharyCarney@example.org,Germany,Keyboard,25.0,3.0,2012-03-11,75.0
761,Sharon Whitaker,SharonWhitaker@example.net,Usa,Keyboard,15.0,3.0,1997-11-14,45.0
762,Connie Mccormick,ConnieMccormick@example.com,Uk,Monitor,30.0,1.0,1997-06-25,30.0
763,Mr. Chad Stephens,Mr.ChadStephens@example.org,Uk,Keyboard,15.0,3.0,1998-03-09,45.0
764,Dawn Lopez,DawnLopez@example.org,Usa,Monitor,60.0,3.0,2024-05-22,180.0
765,Michaela Hansen,MichaelaHansen@example.net,Usa,Laptop,300.0,2.0,2000-10-23,600.0
766,John Larson,JohnLarson@example.org,Usa,Tablet,60.0,1.0,2002-08-09,60.0
767,Monica Macdonald,MonicaMacdonald@example.com,Usa,Headphones,28.0,2.0,2005-12-14,56.0
768,Craig Castillo,CraigCastillo@example.com,Usa,Keyboard,25.0,2.0,2012-02-23,50.0
769,Dalton Mata,DaltonMata@example.org,Bangladesh,Phone,60.0,2.0,1994-04-06,120.0
770,Donna Lewis,DonnaLewis@example.net,Usa,Phone,80.0,4.0,2005-05-05,320.0
771,Harold Johnson,HaroldJohnson@example.org,Usa,Tablet,45.0,4.0,1997-06-28,180.0
772,Dustin Garrett,DustinGarrett@example.org,Uk,Phone,60.0,4.0,1995-12-15,240.0
773,Kenneth Anderson,KennethAnderson@example.net,Usa,Laptop,100.0,1.0,1980-01-10,100.0
774,Cody Norris,CodyNorris@example.net,Usa,Phone,100.0,1.0,2014-05-11,100.0
775,Tyler Whitaker,TylerWhitaker@example.com,Uk,Monitor,60.0,3.0,2021-08-25,180.0
776,Michael Crawford,MichaelCrawford@example.org,Usa,Laptop,200.0,4.0,1986-11-01,800.0
777,Leon Price,LeonPrice@example.net,Bangladesh,Tablet,45.0,4.0,1995-05-08,180.0
778,Kimberly Welch,KimberlyWelch@example.org,Bangladesh,Laptop,100.0,3.0,1976-10-20,300.0
779,Tyler Whitaker,TylerWhitaker@example.org,Germany,Tablet,30.0,4.0,1987-11-10,120.0
780,David Perez,DavidPerez@example.com,Germany,Headphones,28.0,1.0,2004-11-10,28.0
781,Jeremy Tucker,JeremyTucker@example.org,India,Laptop,400.0,2.0,2003-05-23,800.0
782,Chad Barnes,ChadBarnes@example.org,Bangladesh,Headphones,35.0,3.0,2011-12-11,105.0
783,Jacqueline Adams,JacquelineAdams@example.net,Usa,Monitor,60.0,4.0,2023-11-09,240.0
784,Dawn Jones,DawnJones@example.com,Uk,Monitor,30.0,1.0,1996-02-20,30.0
785,Mary Weeks,MaryWeeks@example.com,Canada,Phone,100.0,3.0,2018-12-28,300.0
786,Andrew Padilla,AndrewPadilla@example.org,Usa,Keyboard,25.0,1.0,2013-12-18,25.0
787,Miss Amber Mills DDS,MissAmberMillsDDS@example.com,Uk,Headphones,35.0,4.0,2014-03-07,140.0
788,Michelle Jones,MichelleJones@example.com,Uk,Keyboard,25.0,2.0,2014-12-21,50.0
789,Hannah Henderson,HannahHenderson@example.com,India,Laptop,400.0,1.0,2002-03-01,400.0
790,Daniel Alvarez,DanielAlvarez@example.com,Usa,Headphones,7.0,2.0,1971-10-24,14.0
791,Roy Price,RoyPrice@example.net,Usa,Monitor,30.0,1.0,1991-04-17,30.0
792,Samuel Strickland,SamuelStrickland@example.org,Canada,Monitor,50.0,3.0,2015-02-11,150.0
793,Carmen Moore,CarmenMoore@example.net,Bangladesh,Headphones,35.0,4.0,2018-05-14,140.0
794,Dawn Jones,DawnJones@example.com,Uk,Monitor,30.0,4.0,1992-01-26,120.0
795,Laura Hansen,LauraHansen@example.net,Usa,Laptop,100.0,1.0,1973-01-06,100.0
796,Kevin Lopez,KevinLopez@example.com,Uk,Laptop,400.0,1.0,2002-09-21,400.0
797,Jessica Bird,JessicaBird@example.net,Usa,Keyboard,20.0,2.0,2002-07-21,40.0
798,Tanner Brown,TannerBrown@example.com,Uk,Monitor,40.0,2.0,2004-10-21,80.0
799,William Ingram,WilliamIngram@example.com,India,Tablet,45.0,4.0,1999-12-18,180.0
800,Patricia Tran,PatriciaTran@example.com,Usa,Phone,100.0,4.0,2014-09-18,400.0
801,David Wallace,DavidWallace@example.net,Usa,Monitor,50.0,1.0,2014-04-01,50.0
802,Randall Ruiz,RandallRuiz@example.org,Uk,Keyboard,15.0,1.0,1992-12-20,15.0
803,Michelle Rodriguez,MichelleRodriguez@example.com,Uk,Phone,100.0,1.0,2018-08-23,100.0
804,Mitchell Donovan,MitchellDonovan@example.com,Germany,Tablet,15.0,2.0,1974-05-31,30.0
805,Tyler Whitaker,TylerWhitaker@example.com,Usa,Laptop,200.0,3.0,1987-02-11,600.0
806,Martha Nguyen,MarthaNguyen@example.net,Uk,Monitor,30.0,2.0,1998-03-25,60.0
807,Corey Edwards,CoreyEdwards@example.com,Canada,Laptop,300.0,3.0,2000-03-08,900.0
808,Herbert Martinez,HerbertMartinez@example.com,Canada,Keyboard,15.0,1.0,2000-12-12,15.0
809,Kenneth Johnson,KennethJohnson@example.com,Germany,Laptop,100.0,4.0,1979-11-11,400.0
810,Jason Herrera,JasonHerrera@example.net,Usa,Phone,60.0,3.0,1997-09-08,180.0
811,Sharon Garcia,SharonGarcia@example.org,Bangladesh,Keyboard,10.0,2.0,1987-01-11,20.0
812,Amy Armstrong,AmyArmstrong@example.com,Uk,Laptop,600.0,1.0,2021-12-03,600.0
813,Jason Duffy,JasonDuffy@example.com,Canada,Laptop,400.0,3.0,2008-11-10,1200.0
814,Joshua Higgins,JoshuaHiggins@example.com,Canada,Tablet,75.0,3.0,2011-06-08,225.0
815,Katherine Rodriguez,KatherineRodriguez@example.com,Germany,Tablet,75.0,2.0,2010-12-03,150.0
816,Willie Castillo,WillieCastillo@example.org,Germany,Phone,20.0,2.0,1973-02-01,40.0
817,Roberto Bryant,RobertoBryant@example.net,Usa,Headphones,35.0,3.0,2016-08-21,105.0
818,Nicholas Wilson,NicholasWilson@example.com,Bangladesh,Phone,60.0,3.0,1996-05-11,180.0
819,William Burnett,WilliamBurnett@example.org,Usa,Keyboard,20.0,1.0,2005-08-12,20.0
820,Eric Ball,EricBall@example.com,India,Headphones,7.0,3.0,1979-08-16,21.0
821,Joseph Lewis,JosephLewis@example.org,India,Phone,80.0,4.0,2007-02-27,320.0
822,April Salas,AprilSalas@example.net,Canada,Tablet,60.0,1.0,2008-10-14,60.0
823,Thomas Perez,ThomasPerez@example.com,Uk,Laptop,100.0,3.0,1979-07-23,300.0
824,Michael Moore,MichaelMoore@example.org,Uk,Headphones,35.0,1.0,2011-04-16,35.0
825,Morgan Miranda,MorganMiranda@example.org,Usa,Monitor,40.0,4.0,2007-06-22,160.0
826,Steven Jackson,StevenJackson@example.org,Usa,Phone,60.0,3.0,1991-09-04,180.0
827,Matthew Parker,MatthewParker@example.org,Uk,Tablet,60.0,4.0,2002-12-21,240.0
828,Jonathan Stewart,JonathanStewart@example.com,Usa,Headphones,7.0,2.0,1970-05-12,14.0
829,Andrea Moore,AndreaMoore@example.com,Uk,Laptop,400.0,1.0,2009-10-12,400.0
830,Michael Lutz,MichaelLutz@example.net,Bangladesh,Tablet,75.0,2.0,2017-04-06,150.0
831,Lisa Lane,LisaLane@example.com,Uk,Keyboard,20.0,1.0,2005-02-09,20.0
832,Brian Richards,BrianRichards@example.com,Canada,Keyboard,20.0,1.0,2003-10-01,20.0
833,Dawn Jones,DawnJones@example.org,Usa,Tablet,75.0,2.0,2010-12-27,150.0
834,Travis Davis,TravisDavis@example.com,Uk,Tablet,90.0,2.0,2020-10-08,180.0
835,Jackie Newton,JackieNewton@example.com,India,Keyboard,30.0,1.0,2020-03-30,30.0
836,Kelly Porter,KellyPorter@example.net,Usa,Phone,120.0,3.0,2020-12-25,360.0
837,Steven Moreno,StevenMoreno@example.net,Usa,Tablet,60.0,3.0,2004-07-11,180.0
838,Brian Schwartz,BrianSchwartz@example.com,Bangladesh,Tablet,45.0,2.0,1994-03-05,90.0
839,Drew Cook,DrewCook@example.com,Germany,Tablet,60.0,3.0,2008-05-14,180.0
840,Robert Doyle,RobertDoyle@example.org,Uk,Laptop,300.0,3.0,2000-06-10,900.0
841,Stephanie Benson,StephanieBenson@example.net,Uk,Monitor,20.0,4.0,1981-04-05,80.0
842,Ashley Morris,AshleyMorris@example.net,Usa,Laptop,400.0,2.0,2001-10-19,800.0
843,Marilyn Hale MD,MarilynHaleMD@example.com,Usa,Laptop,500.0,4.0,2016-05-23,2000.0
844,Ryan Shaw,RyanShaw@example.net,Usa,Laptop,400.0,2.0,2001-06-04,800.0
845,April Williams,AprilWilliams@example.org,Bangladesh,Laptop,200.0,1.0,1983-08-03,200.0
846,Amanda Parker,AmandaParker@example.com,India,Laptop,300.0,1.0,2000-08-04,300.0
847,Julie Nguyen,JulieNguyen@example.net,Usa,Headphones,21.0,1.0,1991-04-08,21.0
848,Brian Acosta,BrianAcosta@example.com,Usa,Keyboard,15.0,2.0,1994-04-30,30.0
849,Daniel Leach,DanielLeach@example.org,Canada,Headphones,42.0,2.0,2020-02-07,84.0
850,Regina Green,ReginaGreen@example.net,Uk,Headphones,7.0,1.0,1973-10-31,7.0
851,Nicole Benjamin,NicoleBenjamin@example.com,Bangladesh,Keyboard,20.0,3.0,2002-11-03,60.0
852,Parker Little,ParkerLittle@example.org,Usa,Headphones,7.0,2.0,1977-10-14,14.0
853,Clinton Petersen,ClintonPetersen@example.net,Uk,Laptop,400.0,2.0,2004-09-03,800.0
854,Mrs. Madeline Dixon DDS,Mrs.MadelineDixonDDS@example.net,Canada,Monitor,20.0,2.0,1987-08-24,40.0
855,Xavier Johnson,XavierJohnson@example.com,India,Monitor,60.0,3.0,2023-06-13,180.0
856,Dr. Michael Lewis,Dr.MichaelLewis@example.com,Uk,Monitor,50.0,1.0,2015-07-08,50.0
857,Dustin Clarke,DustinClarke@example.org,Usa,Laptop,400.0,2.0,2004-01-23,800.0
858,Kim Gonzalez,KimGonzalez@example.com,Usa,Headphones,28.0,3.0,2006-09-30,84.0
859,Brandon Fowler,BrandonFowler@example.com,Usa,Laptop,300.0,1.0,1993-09-20,300.0
860,Paul Woods,PaulWoods@example.com,Usa,Tablet,75.0,2.0,2010-08-09,150.0
861,Michael Carter,MichaelCarter@example.org,Uk,Laptop,500.0,2.0,2013-11-24,1000.0
862,Teresa Farmer,TeresaFarmer@example.com,Uk,Monitor,10.0,2.0,1977-07-02,20.0
863,Maria Campbell,MariaCampbell@example.net,India,Headphones,35.0,4.0,2016-08-29,140.0
864,Michelle Frank,MichelleFrank@example.com,Uk,Monitor,50.0,4.0,2011-03-19,200.0
865,Benjamin Cox,BenjaminCox@example.org,Usa,Monitor,10.0,3.0,1977-05-19,30.0
866,Michele Small,MicheleSmall@example.org,Usa,Phone,80.0,3.0,2008-08-21,240.0
867,Daniel Wilson,DanielWilson@example.net,Usa,Tablet,15.0,1.0,1971-05-29,15.0
868,David Jenkins,DavidJenkins@example.com,Germany,Phone,60.0,4.0,1996-08-25,240.0
869,Mr. Richard Dickson,Mr.RichardDickson@example.org,Uk,Keyboard,25.0,2.0,2015-02-20,50.0
870,Kimberly Duran,KimberlyDuran@example.net,Germany,Tablet,15.0,4.0,1972-12-07,60.0
871,Julie Nguyen,JulieNguyen@example.net,Germany,Tablet,75.0,4.0,2010-08-19,300.0
872,Eugene Gomez,EugeneGomez@example.net,India,Laptop,600.0,1.0,2022-02-11,600.0
873,Angel Hendrix,AngelHendrix@example.net,Bangladesh,Headphones,14.0,3.0,1985-10-21,42.0
874,Nathan Jones,NathanJones@example.org,Bangladesh,Laptop,100.0,4.0,1978-06-16,400.0
875,Kyle Wiley,KyleWiley@example.net,Canada,Laptop,500.0,2.0,2014-07-02,1000.0
876,Carrie Small,CarrieSmall@example.net,India,Headphones,35.0,4.0,2014-02-08,140.0
877,Jeremiah Lopez,JeremiahLopez@example.org,Usa,Laptop,400.0,2.0,2005-01-10,800.0
878,Gina Davis,GinaDavis@example.com,Canada,Tablet,60.0,2.0,2009-07-15,120.0
879,Alexa Noble,AlexaNoble@example.com,Uk,Headphones,28.0,4.0,2005-09-18,112.0
880,Jennifer Phillips,JenniferPhillips@example.org,Canada,Keyboard,15.0,2.0,2000-06-27,30.0
881,Jeremy Perry,JeremyPerry@example.net,Usa,Headphones,42.0,2.0,2020-11-16,84.0
882,Sara Ortiz,SaraOrtiz@example.com,Bangladesh,Tablet,90.0,1.0,2021-11-17,90.0
883,Mike Ibarra,MikeIbarra@example.com,Usa,Keyboard,20.0,2.0,2001-01-08,40.0
884,Karen Alexander,KarenAlexander@example.org,Usa,Laptop,500.0,2.0,2017-02-08,1000.0
885,Theresa Griffin,TheresaGriffin@example.org,Uk,Phone,120.0,4.0,2024-06-18,480.0
886,Tara Thompson,TaraThompson@example.net,Usa,Monitor,50.0,3.0,2012-06-04,150.0
887,Andrew Garcia,AndrewGarcia@example.org,Uk,Headphones,7.0,3.0,1973-07-27,21.0
888,Chad Andrews,ChadAndrews@example.org,Uk,Tablet,15.0,3.0,1976-06-13,45.0
889,Brandy Gardner,BrandyGardner@example.net,Uk,Headphones,7.0,1.0,1971-07-02,7.0
890,Christopher Wright,ChristopherWright@example.net,Canada,Phone,60.0,2.0,2000-06-20,120.0
891,Jeremy Tucker,JeremyTucker@example.net,Uk,Tablet,45.0,3.0,1994-05-14,135.0
892,Matthew Sheppard,MatthewSheppard@example.org,Bangladesh,Tablet,60.0,2.0,2007-12-23,120.0
893,Kevin Moyer,KevinMoyer@example.org,Usa,Monitor,40.0,3.0,2005-11-07,120.0
894,Raymond Rice,RaymondRice@example.com,Canada,Headphones,14.0,4.0,1981-04-17,56.0
895,Johnny Weaver,JohnnyWeaver@example.org,Bangladesh,Monitor,40.0,3.0,2006-01-03,120.0
896,Sheryl Frank,SherylFrank@example.org,Canada,Tablet,15.0,4.0,1977-06-05,60.0
897,Laura Grant,LauraGrant@example.com,Germany,Monitor,40.0,4.0,2007-09-10,160.0
898,Angela Mayer,AngelaMayer@example.com,Uk,Headphones,7.0,2.0,1971-01-09,14.0
899,Tiffany Romero,TiffanyRomero@example.org,Usa,Phone,80.0,4.0,2008-07-29,320.0
900,Ernest Rodriguez,ErnestRodriguez@example.org,Usa,Laptop,100.0,3.0,1970-10-25,300.0
901,Tammy Kelly,TammyKelly@example.com,Bangladesh,Tablet,75.0,2.0,2010-02-10,150.0
902,Barbara Vance,BarbaraVance@example.net,India,Monitor,20.0,3.0,1988-02-25,60.0
903,Jeff Wright,JeffWright@example.net,Usa,Tablet,60.0,2.0,2005-11-04,120.0
904,Daniel Martin,DanielMartin@example.net,Usa,Laptop,500.0,3.0,2017-09-19,1500.0
905,Terry Anderson,TerryAnderson@example.com,Germany,Tablet,90.0,3.0,2024-11-15,270.0
906,Mary Hall,MaryHall@example.org,India,Keyboard,25.0,3.0,2018-09-01,75.0
907,Angie Hill,AngieHill@example.org,Germany,Tablet,60.0,1.0,2002-04-04,60.0
908,Jeremy Fuller,JeremyFuller@example.org,Usa,Phone,100.0,3.0,2011-11-01,300.0
909,Frank Henderson,FrankHenderson@example.net,Usa,Monitor,20.0,4.0,1990-09-13,80.0
910,Veronica Williams,VeronicaWilliams@example.com,Bangladesh,Monitor,30.0,4.0,1999-10-14,120.0
911,Tyler Whitaker,TylerWhitaker@example.net,India,Phone,60.0,1.0,2000-08-04,60.0
912,Arthur Williams,ArthurWilliams@example.org,Usa,Headphones,14.0,3.0,1982-01-07,42.0
913,Brittney Mathews,BrittneyMathews@example.net,Uk,Headphones,28.0,2.0,2009-10-09,56.0
914,Peter Pierce,PeterPierce@example.net,India,Tablet,60.0,1.0,2002-04-27,60.0
915,Kelsey Melton,KelseyMelton@example.com,Bangladesh,Monitor,40.0,2.0,2001-05-09,80.0
916,Heather Garcia,HeatherGarcia@example.net,India,Laptop,600.0,1.0,2024-02-29,600.0
917,Steven Oconnor,StevenOconnor@example.org,Germany,Keyboard,5.0,4.0,1974-01-10,20.0
918,Richard Leach,RichardLeach@example.net,Germany,Monitor,50.0,3.0,2019-04-21,150.0
919,James Giles,JamesGiles@example.org,Germany,Phone,80.0,3.0,2008-01-15,240.0
920,Joshua Patton,JoshuaPatton@example.com,Usa,Keyboard,25.0,1.0,2012-10-23,25.0
921,Barry Hernandez,BarryHernandez@example.com,Usa,Tablet,45.0,1.0,1994-01-25,45.0
922,Steven Davis,StevenDavis@example.org,Usa,Keyboard,25.0,2.0,2018-01-27,50.0
923,Crystal Snyder,CrystalSnyder@example.net,Bangladesh,Monitor,50.0,4.0,2012-11-17,200.0
924,Seth Harrison,SethHarrison@example.org,Germany,Tablet,75.0,2.0,2015-06-02,150.0
925,Cheryl Marshall,CherylMarshall@example.com,Uk,Phone,80.0,3.0,2001-09-28,240.0
926,Linda Mccarthy,LindaMccarthy@example.org,India,Keyboard,20.0,3.0,2009-04-04,60.0
927,Chad King,ChadKing@example.com,Bangladesh,Monitor,50.0,1.0,2013-03-01,50.0
928,Isabel Mccarthy,IsabelMccarthy@example.net,Usa,Tablet,45.0,2.0,1991-03-07,90.0
929,Logan Paul,LoganPaul@example.com,Usa,Tablet,30.0,2.0,1981-08-02,60.0
930,Christine Freeman,ChristineFreeman@example.com,Usa,Tablet,60.0,4.0,2009-03-03,240.0
931,Mark Nichols,MarkNichols@example.org,Usa,Phone,100.0,1.0,2015-05-27,100.0
932,Christopher Wallace,ChristopherWallace@example.com,Uk,Monitor,60.0,4.0,2023-03-11,240.0
933,Sherry Hall,SherryHall@example.net,Uk,Monitor,60.0,1.0,2023-01-06,60.0
934,Jeffrey Delacruz,JeffreyDelacruz@example.net,Usa,Monitor,30.0,3.0,1994-11-28,90.0
935,Anthony Smith II,AnthonySmithII@example.com,India,Headphones,14.0,3.0,1986-08-05,42.0
936,Joseph Carter,JosephCarter@example.com,Canada,Headphones,14.0,4.0,1987-08-29,56.0
937,Maria Melendez,MariaMelendez@example.com,Uk,Headphones,35.0,2.0,2011-02-28,70.0
938,Rebecca Reyes,RebeccaReyes@example.org,Canada,Tablet,60.0,2.0,2009-08-11,120.0
939,Jason Haynes,JasonHaynes@example.com,Usa,Headphones,21.0,1.0,1992-06-11,21.0
940,Lori Jones,LoriJones@example.net,India,Phone,80.0,4.0,2008-06-24,320.0
941,Michael Lawrence,MichaelLawrence@example.com,Usa,Phone,20.0,4.0,1975-04-10,80.0
942,Charles Morrison,CharlesMorrison@example.net,Uk,Monitor,30.0,3.0,1995-10-15,90.0
943,David Adams,DavidAdams@example.net,Uk,Monitor,40.0,3.0,2008-10-08,120.0
944,Bryan Brown,BryanBrown@example.org,Usa,Laptop,100.0,2.0,1972-12-21,200.0
945,Jesse Oconnell PhD,JesseOconnellPhD@example.com,Canada,Tablet,75.0,2.0,2019-10-02,150.0
946,Brandi Oneal,BrandiOneal@example.com,Canada,Monitor,10.0,1.0,1978-05-25,10.0
947,Grant Cervantes,GrantCervantes@example.net,Usa,Headphones,7.0,3.0,1980-01-18,21.0
948,Bonnie Roman,BonnieRoman@example.com,Usa,Tablet,60.0,2.0,2004-11-19,120.0
949,Tyler Whitaker,TylerWhitaker@example.org,Usa,Phone,80.0,1.0,2001-10-05,80.0
950,Robert Ballard,RobertBallard@example.org,Usa,Laptop,600.0,3.0,2021-02-28,1800.0
951,Jeremy Tucker,JeremyTucker@example.org,Usa,Phone,80.0,1.0,2007-12-06,80.0
952,Tara Hernandez,TaraHernandez@example.com,India,Headphones,28.0,1.0,2003-11-16,28.0
953,Jessica Carlson,JessicaCarlson@example.com,Germany,Phone,120.0,3.0,2022-03-11,360.0
954,Valerie Glenn,ValerieGlenn@example.net,Uk,Monitor,50.0,4.0,2012-08-07,200.0
955,Cassandra Huber,CassandraHuber@example.org,Usa,Monitor,40.0,2.0,2008-08-04,80.0
956,Jeremy Tucker,JeremyTucker@example.net,India,Keyboard,5.0,3.0,1979-10-09,15.0
957,Rebecca Weaver,RebeccaWeaver@example.org,Bangladesh,Laptop,400.0,4.0,2006-02-07,1600.0
958,Erin Gonzalez,ErinGonzalez@example.org,Uk,Keyboard,15.0,2.0,1999-02-06,30.0
959,Maria Bryant,MariaBryant@example.com,India,Tablet,90.0,1.0,2025-02-12,90.0
960,Nicole Meyer,NicoleMeyer@example.org,Bangladesh,Phone,20.0,3.0,1977-10-29,60.0
961,Hunter Shannon,HunterShannon@example.org,Germany,Phone,60.0,1.0,1997-08-03,60.0
962,Mr. Clarence Drake,Mr.ClarenceDrake@example.net,Uk,Headphones,21.0,2.0,1996-05-12,42.0
963,Christopher Watkins,ChristopherWatkins@example.net,Usa,Headphones,35.0,2.0,2012-09-17,70.0
964,Jessica Delgado,JessicaDelgado@example.org,Uk,Keyboard,25.0,1.0,2019-10-11,25.0
965,Victor Adams,VictorAdams@example.net,Bangladesh,Tablet,60.0,2.0,2007-05-23,120.0
966,Jamie Clayton,JamieClayton@example.net,Usa,Laptop,600.0,1.0,2023-07-31,600.0
967,Jeremy Tucker,JeremyTucker@example.net,Usa,Tablet,75.0,2.0,2012-06-18,150.0
968,Patricia Lewis,PatriciaLewis@example.com,Germany,Tablet,15.0,4.0,1978-03-19,60.0
969,Robert Benson,RobertBenson@example.com,Usa,Monitor,40.0,2.0,2007-10-14,80.0
970,Gilbert Sanchez,GilbertSanchez@example.com,Uk,Keyboard,5.0,1.0,1979-09-18,5.0
971,Gina Leonard,GinaLeonard@example.com,Canada,Headphones,35.0,1.0,2013-06-20,35.0
972,Nicholas Morales,NicholasMorales@example.net,Bangladesh,Monitor,40.0,2.0,2006-08-16,80.0
973,Harry Barker,HarryBarker@example.net,Germany,Headphones,21.0,1.0,1993-11-17,21.0
974,Patricia Alvarez,PatriciaAlvarez@example.org,Uk,Phone,20.0,2.0,1974-08-12,40.0
975,Dawn Lawson,DawnLawson@example.org,India,Phone,80.0,1.0,2007-04-09,80.0
976,Heidi Gallagher,HeidiGallagher@example.net,India,Laptop,500.0,1.0,2018-10-23,500.0
977,Mason Hines,MasonHines@example.org,Usa,Phone,20.0,2.0,1979-01-12,40.0
978,Mariah Cunningham,MariahCunningham@example.net,Usa,Laptop,400.0,1.0,2005-09-02,400.0
979,Katherine Ramirez,KatherineRamirez@example.com,Usa,Headphones,42.0,1.0,2025-06-10,42.0
980,Thomas Lynn,ThomasLynn@example.com,Usa,Tablet,45.0,1.0,1993-02-23,45.0
981,Julie Nguyen,JulieNguyen@example.org,Uk,Laptop,600.0,1.0,2020-06-12,600.0
982,Christopher Welch,ChristopherWelch@example.org,Germany,Monitor,40.0,3.0,2003-12-02,120.0
983,John Anderson,JohnAnderson@example.org,Germany,Headphones,28.0,1.0,2007-01-22,28.0
984,Abigail Lester,AbigailLester@example.com,Uk,Headphones,35.0,3.0,2012-11-05,105.0
985,Christopher Clark,ChristopherClark@example.com,Usa,Phone,100.0,1.0,2012-04-02,100.0
986,Ashley Colon,AshleyColon@example.com,Usa,Monitor,40.0,1.0,2002-11-22,40.0
987,Bonnie Carr,BonnieCarr@example.net,Usa,Monitor,30.0,3.0,2000-02-05,90.0
988,Andrea Thomas,AndreaThomas@example.net,Bangladesh,Monitor,10.0,2.0,1980-10-19,20.0
989,Maria Stewart,MariaStewart@example.com,Uk,Tablet,45.0,4.0,1997-05-01,180.0
990,Carolyn Hubbard,CarolynHubbard@example.org,Uk,Monitor,10.0,2.0,1979-12-13,20.0
991,Shannon Wilson,ShannonWilson@example.net,India,Headphones,28.0,2.0,2001-03-03,56.0
992,Douglas Ayala,DouglasAyala@example.com,Uk,Keyboard,25.0,4.0,2010-06-30,100.0
993,Penny Thomas,PennyThomas@example.net,Uk,Headphones,7.0,1.0,1970-06-14,7.0
994,John Dennis,JohnDennis@example.net,Uk,Monitor,60.0,2.0,2022-04-23,120.0
995,Elizabeth Kemp,ElizabethKemp@example.com,Canada,Phone,20.0,2.0,1980-09-30,40.0
996,Jesse Ortiz,JesseOrtiz@example.com,Usa,Tablet,15.0,2.0,1973-07-09,30.0
997,Thomas Carlson,ThomasCarlson@example.com,Germany,Tablet,45.0,3.0,1994-09-27,135.0
998,Amber Hill,AmberHill@example.net,Usa,Monitor,40.0,3.0,2007-11-18,120.0
999,Dr. Kristen Miller DVM,Dr.KristenMillerDVM@example.org,Usa,Monitor,50.0,4.0,2013-09-13,200.0
